age_bracket,education_level,tenure_category,employee_count,avg_pay
20-24,ASSOCIATE DEGREE,1-5 years,783,63560.75
20-24,ASSOCIATE DEGREE,10-20 years,0,
20-24,ASSOCIATE DEGREE,20-30 years,0,
20-24,ASSOCIATE DEGREE,30+ years,0,
20-24,ASSOCIATE DEGREE,5-10 years,13,66369.5
20-24,ASSOCIATE DEGREE,< 1 year,477,55606.81
20-24,ASSOCIATE DEGREE,Unknown,0,
20-24,BACHELOR'S DEGREE,1-5 years,7534,71822.93
20-24,BACHELOR'S DEGREE,10-20 years,0,
20-24,BACHELOR'S DEGREE,20-30 years,0,
20-24,BACHELOR'S DEGREE,30+ years,0,
20-24,BACHELOR'S DEGREE,5-10 years,53,80589.71
20-24,BACHELOR'S DEGREE,< 1 year,3508,63606.13
20-24,BACHELOR'S DEGREE,Unknown,0,
20-24,DOCTORATE DEGREE,1-5 years,9,71241.0
20-24,DOCTORATE DEGREE,10-20 years,0,
20-24,DOCTORATE DEGREE,20-30 years,0,
20-24,DOCTORATE DEGREE,30+ years,0,
20-24,DOCTORATE DEGREE,5-10 years,0,
20-24,DOCTORATE DEGREE,< 1 year,111,69013.53
20-24,DOCTORATE DEGREE,Unknown,0,
20-24,ELEMENTARY SCHOOL COMPLETED - NO HIGH SCHOOL,1-5 years,11,45005.0
20-24,ELEMENTARY SCHOOL COMPLETED - NO HIGH SCHOOL,10-20 years,0,
20-24,ELEMENTARY SCHOOL COMPLETED - NO HIGH SCHOOL,20-30 years,0,
20-24,ELEMENTARY SCHOOL COMPLETED - NO HIGH SCHOOL,30+ years,0,
20-24,ELEMENTARY SCHOOL COMPLETED - NO HIGH SCHOOL,5-10 years,0,
20-24,ELEMENTARY SCHOOL COMPLETED - NO HIGH SCHOOL,< 1 year,3,40410.0
20-24,ELEMENTARY SCHOOL COMPLETED - NO HIGH SCHOOL,Unknown,0,
20-24,FIRST PROFESSIONAL,1-5 years,5,55888.0
20-24,FIRST PROFESSIONAL,10-20 years,0,
20-24,FIRST PROFESSIONAL,20-30 years,0,
20-24,FIRST PROFESSIONAL,30+ years,0,
20-24,FIRST PROFESSIONAL,5-10 years,0,
20-24,FIRST PROFESSIONAL,< 1 year,30,66879.54
20-24,FIRST PROFESSIONAL,Unknown,0,
20-24,FOUR YEARS COLLEGE,1-5 years,312,59647.06
20-24,FOUR YEARS COLLEGE,10-20 years,0,
20-24,FOUR YEARS COLLEGE,20-30 years,0,
20-24,FOUR YEARS COLLEGE,30+ years,0,
20-24,FOUR YEARS COLLEGE,5-10 years,3,113549.0
20-24,FOUR YEARS COLLEGE,< 1 year,177,52666.1
20-24,FOUR YEARS COLLEGE,Unknown,0,
20-24,HIGH SCHOOL GRADUATE OR CERTIFICATE OF EQUIVALENCY,1-5 years,15201,52841.78
20-24,HIGH SCHOOL GRADUATE OR CERTIFICATE OF EQUIVALENCY,10-20 years,0,
20-24,HIGH SCHOOL GRADUATE OR CERTIFICATE OF EQUIVALENCY,20-30 years,0,
20-24,HIGH SCHOOL GRADUATE OR CERTIFICATE OF EQUIVALENCY,30+ years,0,
20-24,HIGH SCHOOL GRADUATE OR CERTIFICATE OF EQUIVALENCY,5-10 years,385,56719.57
20-24,HIGH SCHOOL GRADUATE OR CERTIFICATE OF EQUIVALENCY,< 1 year,6233,50264.42
20-24,HIGH SCHOOL GRADUATE OR CERTIFICATE OF EQUIVALENCY,Unknown,0,
20-24,INVALID,1-5 years,29,84612.88
20-24,INVALID,10-20 years,0,
20-24,INVALID,20-30 years,0,
20-24,INVALID,30+ years,0,
20-24,INVALID,5-10 years,0,
20-24,INVALID,< 1 year,11,57164.0
20-24,INVALID,Unknown,0,
20-24,MASTER'S DEGREE,1-5 years,538,78353.9
20-24,MASTER'S DEGREE,10-20 years,0,
20-24,MASTER'S DEGREE,20-30 years,0,
20-24,MASTER'S DEGREE,30+ years,0,
20-24,MASTER'S DEGREE,5-10 years,7,
20-24,MASTER'S DEGREE,< 1 year,359,65337.77
20-24,MASTER'S DEGREE,Unknown,0,
20-24,NO DATA REPORTED,1-5 years,59,49469.08
20-24,NO DATA REPORTED,10-20 years,0,
20-24,NO DATA REPORTED,20-30 years,0,
20-24,NO DATA REPORTED,30+ years,0,
20-24,NO DATA REPORTED,5-10 years,0,
20-24,NO DATA REPORTED,< 1 year,176,45384.61
20-24,NO DATA REPORTED,Unknown,0,
20-24,NO FORMAL EDUCATION OR SOME ELEMENTARY SCHOOL - DID NOT COMPLETE,1-5 years,121,50283.88
20-24,NO FORMAL EDUCATION OR SOME ELEMENTARY SCHOOL - DID NOT COMPLETE,10-20 years,0,
20-24,NO FORMAL EDUCATION OR SOME ELEMENTARY SCHOOL - DID NOT COMPLETE,20-30 years,0,
20-24,NO FORMAL EDUCATION OR SOME ELEMENTARY SCHOOL - DID NOT COMPLETE,30+ years,0,
20-24,NO FORMAL EDUCATION OR SOME ELEMENTARY SCHOOL - DID NOT COMPLETE,5-10 years,11,48306.67
20-24,NO FORMAL EDUCATION OR SOME ELEMENTARY SCHOOL - DID NOT COMPLETE,< 1 year,44,46653.98
20-24,NO FORMAL EDUCATION OR SOME ELEMENTARY SCHOOL - DID NOT COMPLETE,Unknown,0,
20-24,ONE YEAR COLLEGE,1-5 years,918,52024.94
20-24,ONE YEAR COLLEGE,10-20 years,0,
20-24,ONE YEAR COLLEGE,20-30 years,0,
20-24,ONE YEAR COLLEGE,30+ years,0,
20-24,ONE YEAR COLLEGE,5-10 years,11,61018.5
20-24,ONE YEAR COLLEGE,< 1 year,324,46682.47
20-24,ONE YEAR COLLEGE,Unknown,0,
20-24,POST-BACHELOR'S,1-5 years,56,60879.93
20-24,POST-BACHELOR'S,10-20 years,0,
20-24,POST-BACHELOR'S,20-30 years,0,
20-24,POST-BACHELOR'S,30+ years,0,
20-24,POST-BACHELOR'S,5-10 years,1,
20-24,POST-BACHELOR'S,< 1 year,59,66636.92
20-24,POST-BACHELOR'S,Unknown,0,
20-24,POST-DOCTORATE,1-5 years,0,
20-24,POST-DOCTORATE,10-20 years,0,
20-24,POST-DOCTORATE,20-30 years,0,
20-24,POST-DOCTORATE,30+ years,0,
20-24,POST-DOCTORATE,5-10 years,0,
20-24,POST-DOCTORATE,< 1 year,0,
20-24,POST-DOCTORATE,Unknown,0,
20-24,POST-FIRST PROFESSIONAL,1-5 years,2,42190.0
20-24,POST-FIRST PROFESSIONAL,10-20 years,0,
20-24,POST-FIRST PROFESSIONAL,20-30 years,0,
20-24,POST-FIRST PROFESSIONAL,30+ years,0,
20-24,POST-FIRST PROFESSIONAL,5-10 years,0,
20-24,POST-FIRST PROFESSIONAL,< 1 year,4,59183.5
20-24,POST-FIRST PROFESSIONAL,Unknown,0,
20-24,POST-MASTER'S,1-5 years,2,
20-24,POST-MASTER'S,10-20 years,0,
20-24,POST-MASTER'S,20-30 years,0,
20-24,POST-MASTER'S,30+ years,0,
20-24,POST-MASTER'S,5-10 years,0,
20-24,POST-MASTER'S,< 1 year,3,113692.0
20-24,POST-MASTER'S,Unknown,0,
20-24,POST-SIXTH YEAR,1-5 years,0,
20-24,POST-SIXTH YEAR,10-20 years,0,
20-24,POST-SIXTH YEAR,20-30 years,0,
20-24,POST-SIXTH YEAR,30+ years,0,
20-24,POST-SIXTH YEAR,5-10 years,0,
20-24,POST-SIXTH YEAR,< 1 year,0,
20-24,POST-SIXTH YEAR,Unknown,0,
20-24,SIXTH-YEAR DEGREE,1-5 years,2,
20-24,SIXTH-YEAR DEGREE,10-20 years,0,
20-24,SIXTH-YEAR DEGREE,20-30 years,0,
20-24,SIXTH-YEAR DEGREE,30+ years,0,
20-24,SIXTH-YEAR DEGREE,5-10 years,0,
20-24,SIXTH-YEAR DEGREE,< 1 year,1,84506.0
20-24,SIXTH-YEAR DEGREE,Unknown,0,
20-24,SOME COLLEGE - LESS THAN ONE YEAR,1-5 years,965,52696.61
20-24,SOME COLLEGE - LESS THAN ONE YEAR,10-20 years,0,
20-24,SOME COLLEGE - LESS THAN ONE YEAR,20-30 years,0,
20-24,SOME COLLEGE - LESS THAN ONE YEAR,30+ years,0,
20-24,SOME COLLEGE - LESS THAN ONE YEAR,5-10 years,21,69479.91
20-24,SOME COLLEGE - LESS THAN ONE YEAR,< 1 year,442,46835.69
20-24,SOME COLLEGE - LESS THAN ONE YEAR,Unknown,0,
20-24,SOME HIGH SCHOOL - DID NOT COMPLETE,1-5 years,142,49256.9
20-24,SOME HIGH SCHOOL - DID NOT COMPLETE,10-20 years,0,
20-24,SOME HIGH SCHOOL - DID NOT COMPLETE,20-30 years,0,
20-24,SOME HIGH SCHOOL - DID NOT COMPLETE,30+ years,0,
20-24,SOME HIGH SCHOOL - DID NOT COMPLETE,5-10 years,28,64633.37
20-24,SOME HIGH SCHOOL - DID NOT COMPLETE,< 1 year,47,50061.61
20-24,SOME HIGH SCHOOL - DID NOT COMPLETE,Unknown,0,
20-24,"TERMINAL OCCUPATIONAL PROGRAM - CERTIFICATE OF COMPLETION, DIPLOMA OR EQUIVALENT",1-5 years,196,54620.85
20-24,"TERMINAL OCCUPATIONAL PROGRAM - CERTIFICATE OF COMPLETION, DIPLOMA OR EQUIVALENT",10-20 years,0,
20-24,"TERMINAL OCCUPATIONAL PROGRAM - CERTIFICATE OF COMPLETION, DIPLOMA OR EQUIVALENT",20-30 years,0,
20-24,"TERMINAL OCCUPATIONAL PROGRAM - CERTIFICATE OF COMPLETION, DIPLOMA OR EQUIVALENT",30+ years,0,
20-24,"TERMINAL OCCUPATIONAL PROGRAM - CERTIFICATE OF COMPLETION, DIPLOMA OR EQUIVALENT",5-10 years,7,69120.33
20-24,"TERMINAL OCCUPATIONAL PROGRAM - CERTIFICATE OF COMPLETION, DIPLOMA OR EQUIVALENT",< 1 year,89,54062.17
20-24,"TERMINAL OCCUPATIONAL PROGRAM - CERTIFICATE OF COMPLETION, DIPLOMA OR EQUIVALENT",Unknown,0,
20-24,TERMINAL OCCUPATIONAL PROGRAM - DID NOT COMPLETE,1-5 years,18,58096.92
20-24,TERMINAL OCCUPATIONAL PROGRAM - DID NOT COMPLETE,10-20 years,0,
20-24,TERMINAL OCCUPATIONAL PROGRAM - DID NOT COMPLETE,20-30 years,0,
20-24,TERMINAL OCCUPATIONAL PROGRAM - DID NOT COMPLETE,30+ years,0,
20-24,TERMINAL OCCUPATIONAL PROGRAM - DID NOT COMPLETE,5-10 years,0,
20-24,TERMINAL OCCUPATIONAL PROGRAM - DID NOT COMPLETE,< 1 year,8,52672.33
20-24,TERMINAL OCCUPATIONAL PROGRAM - DID NOT COMPLETE,Unknown,0,
20-24,THREE YEARS COLLEGE,1-5 years,640,59808.06
20-24,THREE YEARS COLLEGE,10-20 years,0,
20-24,THREE YEARS COLLEGE,20-30 years,0,
20-24,THREE YEARS COLLEGE,30+ years,0,
20-24,THREE YEARS COLLEGE,5-10 years,4,57387.0
20-24,THREE YEARS COLLEGE,< 1 year,320,51472.37
20-24,THREE YEARS COLLEGE,Unknown,0,
20-24,TWO YEARS COLLEGE,1-5 years,949,52556.64
20-24,TWO YEARS COLLEGE,10-20 years,0,
20-24,TWO YEARS COLLEGE,20-30 years,0,
20-24,TWO YEARS COLLEGE,30+ years,0,
20-24,TWO YEARS COLLEGE,5-10 years,8,61526.0
20-24,TWO YEARS COLLEGE,< 1 year,396,46997.99
20-24,TWO YEARS COLLEGE,Unknown,0,
25-29,ASSOCIATE DEGREE,1-5 years,3224,69547.83
25-29,ASSOCIATE DEGREE,10-20 years,9,78217.67
25-29,ASSOCIATE DEGREE,20-30 years,0,
25-29,ASSOCIATE DEGREE,30+ years,0,
25-29,ASSOCIATE DEGREE,5-10 years,771,88100.01
25-29,ASSOCIATE DEGREE,< 1 year,745,61479.38
25-29,ASSOCIATE DEGREE,Unknown,0,
25-29,BACHELOR'S DEGREE,1-5 years,28768,80313.9
25-29,BACHELOR'S DEGREE,10-20 years,48,93830.33
25-29,BACHELOR'S DEGREE,20-30 years,0,
25-29,BACHELOR'S DEGREE,30+ years,0,
25-29,BACHELOR'S DEGREE,5-10 years,8990,98874.86
25-29,BACHELOR'S DEGREE,< 1 year,4626,72314.7
25-29,BACHELOR'S DEGREE,Unknown,0,
25-29,DOCTORATE DEGREE,1-5 years,1462,117509.87
25-29,DOCTORATE DEGREE,10-20 years,2,
25-29,DOCTORATE DEGREE,20-30 years,0,
25-29,DOCTORATE DEGREE,30+ years,0,
25-29,DOCTORATE DEGREE,5-10 years,40,133546.34
25-29,DOCTORATE DEGREE,< 1 year,833,88727.0
25-29,DOCTORATE DEGREE,Unknown,0,
25-29,ELEMENTARY SCHOOL COMPLETED - NO HIGH SCHOOL,1-5 years,9,48022.0
25-29,ELEMENTARY SCHOOL COMPLETED - NO HIGH SCHOOL,10-20 years,0,
25-29,ELEMENTARY SCHOOL COMPLETED - NO HIGH SCHOOL,20-30 years,0,
25-29,ELEMENTARY SCHOOL COMPLETED - NO HIGH SCHOOL,30+ years,0,
25-29,ELEMENTARY SCHOOL COMPLETED - NO HIGH SCHOOL,5-10 years,5,55632.5
25-29,ELEMENTARY SCHOOL COMPLETED - NO HIGH SCHOOL,< 1 year,4,36961.0
25-29,ELEMENTARY SCHOOL COMPLETED - NO HIGH SCHOOL,Unknown,0,
25-29,FIRST PROFESSIONAL,1-5 years,929,114675.78
25-29,FIRST PROFESSIONAL,10-20 years,0,
25-29,FIRST PROFESSIONAL,20-30 years,0,
25-29,FIRST PROFESSIONAL,30+ years,0,
25-29,FIRST PROFESSIONAL,5-10 years,20,141083.06
25-29,FIRST PROFESSIONAL,< 1 year,717,82244.33
25-29,FIRST PROFESSIONAL,Unknown,1,111375.0
25-29,FOUR YEARS COLLEGE,1-5 years,1000,69733.55
25-29,FOUR YEARS COLLEGE,10-20 years,3,
25-29,FOUR YEARS COLLEGE,20-30 years,0,
25-29,FOUR YEARS COLLEGE,30+ years,0,
25-29,FOUR YEARS COLLEGE,5-10 years,280,93870.96
25-29,FOUR YEARS COLLEGE,< 1 year,151,59536.09
25-29,FOUR YEARS COLLEGE,Unknown,0,
25-29,HIGH SCHOOL GRADUATE OR CERTIFICATE OF EQUIVALENCY,1-5 years,29149,63528.02
25-29,HIGH SCHOOL GRADUATE OR CERTIFICATE OF EQUIVALENCY,10-20 years,169,77302.94
25-29,HIGH SCHOOL GRADUATE OR CERTIFICATE OF EQUIVALENCY,20-30 years,0,
25-29,HIGH SCHOOL GRADUATE OR CERTIFICATE OF EQUIVALENCY,30+ years,0,
25-29,HIGH SCHOOL GRADUATE OR CERTIFICATE OF EQUIVALENCY,5-10 years,8414,71259.44
25-29,HIGH SCHOOL GRADUATE OR CERTIFICATE OF EQUIVALENCY,< 1 year,6736,56201.32
25-29,HIGH SCHOOL GRADUATE OR CERTIFICATE OF EQUIVALENCY,Unknown,0,
25-29,INVALID,1-5 years,104,94828.93
25-29,INVALID,10-20 years,1,
25-29,INVALID,20-30 years,0,
25-29,INVALID,30+ years,0,
25-29,INVALID,5-10 years,104,114740.26
25-29,INVALID,< 1 year,42,92363.17
25-29,INVALID,Unknown,0,
25-29,MASTER'S DEGREE,1-5 years,8368,89829.98
25-29,MASTER'S DEGREE,10-20 years,11,115689.33
25-29,MASTER'S DEGREE,20-30 years,0,
25-29,MASTER'S DEGREE,30+ years,0,
25-29,MASTER'S DEGREE,5-10 years,2120,108439.95
25-29,MASTER'S DEGREE,< 1 year,1677,69002.13
25-29,MASTER'S DEGREE,Unknown,0,
25-29,NO DATA REPORTED,1-5 years,114,50351.82
25-29,NO DATA REPORTED,10-20 years,0,
25-29,NO DATA REPORTED,20-30 years,0,
25-29,NO DATA REPORTED,30+ years,0,
25-29,NO DATA REPORTED,5-10 years,5,63557.0
25-29,NO DATA REPORTED,< 1 year,126,46810.02
25-29,NO DATA REPORTED,Unknown,0,
25-29,NO FORMAL EDUCATION OR SOME ELEMENTARY SCHOOL - DID NOT COMPLETE,1-5 years,345,63388.8
25-29,NO FORMAL EDUCATION OR SOME ELEMENTARY SCHOOL - DID NOT COMPLETE,10-20 years,5,75385.0
25-29,NO FORMAL EDUCATION OR SOME ELEMENTARY SCHOOL - DID NOT COMPLETE,20-30 years,0,
25-29,NO FORMAL EDUCATION OR SOME ELEMENTARY SCHOOL - DID NOT COMPLETE,30+ years,0,
25-29,NO FORMAL EDUCATION OR SOME ELEMENTARY SCHOOL - DID NOT COMPLETE,5-10 years,940,69732.54
25-29,NO FORMAL EDUCATION OR SOME ELEMENTARY SCHOOL - DID NOT COMPLETE,< 1 year,56,51060.28
25-29,NO FORMAL EDUCATION OR SOME ELEMENTARY SCHOOL - DID NOT COMPLETE,Unknown,0,
25-29,ONE YEAR COLLEGE,1-5 years,1492,60881.88
25-29,ONE YEAR COLLEGE,10-20 years,6,80931.0
25-29,ONE YEAR COLLEGE,20-30 years,0,
25-29,ONE YEAR COLLEGE,30+ years,0,
25-29,ONE YEAR COLLEGE,5-10 years,531,79395.41
25-29,ONE YEAR COLLEGE,< 1 year,292,52674.89
25-29,ONE YEAR COLLEGE,Unknown,0,
25-29,POST-BACHELOR'S,1-5 years,591,82619.69
25-29,POST-BACHELOR'S,10-20 years,0,
25-29,POST-BACHELOR'S,20-30 years,0,
25-29,POST-BACHELOR'S,30+ years,0,
25-29,POST-BACHELOR'S,5-10 years,96,103694.63
25-29,POST-BACHELOR'S,< 1 year,102,67021.33
25-29,POST-BACHELOR'S,Unknown,0,
25-29,POST-DOCTORATE,1-5 years,10,124123.14
25-29,POST-DOCTORATE,10-20 years,0,
25-29,POST-DOCTORATE,20-30 years,0,
25-29,POST-DOCTORATE,30+ years,0,
25-29,POST-DOCTORATE,5-10 years,1,
25-29,POST-DOCTORATE,< 1 year,4,97034.5
25-29,POST-DOCTORATE,Unknown,0,
25-29,POST-FIRST PROFESSIONAL,1-5 years,43,104878.84
25-29,POST-FIRST PROFESSIONAL,10-20 years,0,
25-29,POST-FIRST PROFESSIONAL,20-30 years,0,
25-29,POST-FIRST PROFESSIONAL,30+ years,0,
25-29,POST-FIRST PROFESSIONAL,5-10 years,6,92441.5
25-29,POST-FIRST PROFESSIONAL,< 1 year,13,75370.5
25-29,POST-FIRST PROFESSIONAL,Unknown,0,
25-29,POST-MASTER'S,1-5 years,84,87429.1
25-29,POST-MASTER'S,10-20 years,0,
25-29,POST-MASTER'S,20-30 years,0,
25-29,POST-MASTER'S,30+ years,0,
25-29,POST-MASTER'S,5-10 years,11,102377.0
25-29,POST-MASTER'S,< 1 year,26,73594.94
25-29,POST-MASTER'S,Unknown,0,
25-29,POST-SIXTH YEAR,1-5 years,7,79286.2
25-29,POST-SIXTH YEAR,10-20 years,0,
25-29,POST-SIXTH YEAR,20-30 years,0,
25-29,POST-SIXTH YEAR,30+ years,0,
25-29,POST-SIXTH YEAR,5-10 years,1,109975.0
25-29,POST-SIXTH YEAR,< 1 year,2,92850.0
25-29,POST-SIXTH YEAR,Unknown,0,
25-29,SIXTH-YEAR DEGREE,1-5 years,6,84601.0
25-29,SIXTH-YEAR DEGREE,10-20 years,0,
25-29,SIXTH-YEAR DEGREE,20-30 years,0,
25-29,SIXTH-YEAR DEGREE,30+ years,0,
25-29,SIXTH-YEAR DEGREE,5-10 years,1,132638.0
25-29,SIXTH-YEAR DEGREE,< 1 year,3,104472.5
25-29,SIXTH-YEAR DEGREE,Unknown,0,
25-29,SOME COLLEGE - LESS THAN ONE YEAR,1-5 years,1881,61406.65
25-29,SOME COLLEGE - LESS THAN ONE YEAR,10-20 years,18,76915.17
25-29,SOME COLLEGE - LESS THAN ONE YEAR,20-30 years,0,
25-29,SOME COLLEGE - LESS THAN ONE YEAR,30+ years,0,
25-29,SOME COLLEGE - LESS THAN ONE YEAR,5-10 years,616,73073.34
25-29,SOME COLLEGE - LESS THAN ONE YEAR,< 1 year,385,50703.36
25-29,SOME COLLEGE - LESS THAN ONE YEAR,Unknown,0,
25-29,SOME HIGH SCHOOL - DID NOT COMPLETE,1-5 years,172,58944.16
25-29,SOME HIGH SCHOOL - DID NOT COMPLETE,10-20 years,8,92374.67
25-29,SOME HIGH SCHOOL - DID NOT COMPLETE,20-30 years,0,
25-29,SOME HIGH SCHOOL - DID NOT COMPLETE,30+ years,0,
25-29,SOME HIGH SCHOOL - DID NOT COMPLETE,5-10 years,80,68161.58
25-29,SOME HIGH SCHOOL - DID NOT COMPLETE,< 1 year,43,42198.93
25-29,SOME HIGH SCHOOL - DID NOT COMPLETE,Unknown,0,
25-29,"TERMINAL OCCUPATIONAL PROGRAM - CERTIFICATE OF COMPLETION, DIPLOMA OR EQUIVALENT",1-5 years,598,61469.27
25-29,"TERMINAL OCCUPATIONAL PROGRAM - CERTIFICATE OF COMPLETION, DIPLOMA OR EQUIVALENT",10-20 years,8,
25-29,"TERMINAL OCCUPATIONAL PROGRAM - CERTIFICATE OF COMPLETION, DIPLOMA OR EQUIVALENT",20-30 years,0,
25-29,"TERMINAL OCCUPATIONAL PROGRAM - CERTIFICATE OF COMPLETION, DIPLOMA OR EQUIVALENT",30+ years,0,
25-29,"TERMINAL OCCUPATIONAL PROGRAM - CERTIFICATE OF COMPLETION, DIPLOMA OR EQUIVALENT",5-10 years,216,62313.06
25-29,"TERMINAL OCCUPATIONAL PROGRAM - CERTIFICATE OF COMPLETION, DIPLOMA OR EQUIVALENT",< 1 year,123,57458.29
25-29,"TERMINAL OCCUPATIONAL PROGRAM - CERTIFICATE OF COMPLETION, DIPLOMA OR EQUIVALENT",Unknown,0,
25-29,TERMINAL OCCUPATIONAL PROGRAM - DID NOT COMPLETE,1-5 years,35,63849.2
25-29,TERMINAL OCCUPATIONAL PROGRAM - DID NOT COMPLETE,10-20 years,3,69343.0
25-29,TERMINAL OCCUPATIONAL PROGRAM - DID NOT COMPLETE,20-30 years,0,
25-29,TERMINAL OCCUPATIONAL PROGRAM - DID NOT COMPLETE,30+ years,0,
25-29,TERMINAL OCCUPATIONAL PROGRAM - DID NOT COMPLETE,5-10 years,36,66960.86
25-29,TERMINAL OCCUPATIONAL PROGRAM - DID NOT COMPLETE,< 1 year,7,46892.17
25-29,TERMINAL OCCUPATIONAL PROGRAM - DID NOT COMPLETE,Unknown,0,
25-29,THREE YEARS COLLEGE,1-5 years,961,71388.0
25-29,THREE YEARS COLLEGE,10-20 years,3,79725.0
25-29,THREE YEARS COLLEGE,20-30 years,0,
25-29,THREE YEARS COLLEGE,30+ years,0,
25-29,THREE YEARS COLLEGE,5-10 years,456,94593.12
25-29,THREE YEARS COLLEGE,< 1 year,123,53911.7
25-29,THREE YEARS COLLEGE,Unknown,0,
25-29,TWO YEARS COLLEGE,1-5 years,1341,68378.07
25-29,TWO YEARS COLLEGE,10-20 years,11,93820.33
25-29,TWO YEARS COLLEGE,20-30 years,0,
25-29,TWO YEARS COLLEGE,30+ years,0,
25-29,TWO YEARS COLLEGE,5-10 years,644,86301.18
25-29,TWO YEARS COLLEGE,< 1 year,237,58125.82
25-29,TWO YEARS COLLEGE,Unknown,0,
30-34,ASSOCIATE DEGREE,1-5 years,4592,72882.49
30-34,ASSOCIATE DEGREE,10-20 years,692,108645.89
30-34,ASSOCIATE DEGREE,20-30 years,0,
30-34,ASSOCIATE DEGREE,30+ years,0,
30-34,ASSOCIATE DEGREE,5-10 years,3077,90989.31
30-34,ASSOCIATE DEGREE,< 1 year,765,66126.08
30-34,ASSOCIATE DEGREE,Unknown,0,
30-34,BACHELOR'S DEGREE,1-5 years,22261,88930.89
30-34,BACHELOR'S DEGREE,10-20 years,5056,119758.27
30-34,BACHELOR'S DEGREE,20-30 years,0,
30-34,BACHELOR'S DEGREE,30+ years,0,
30-34,BACHELOR'S DEGREE,5-10 years,23770,102608.17
30-34,BACHELOR'S DEGREE,< 1 year,3226,85527.01
30-34,BACHELOR'S DEGREE,Unknown,1,81410.0
30-34,DOCTORATE DEGREE,1-5 years,4734,129191.29
30-34,DOCTORATE DEGREE,10-20 years,51,144766.94
30-34,DOCTORATE DEGREE,20-30 years,0,
30-34,DOCTORATE DEGREE,30+ years,0,
30-34,DOCTORATE DEGREE,5-10 years,1863,149099.38
30-34,DOCTORATE DEGREE,< 1 year,760,110660.88
30-34,DOCTORATE DEGREE,Unknown,0,
30-34,ELEMENTARY SCHOOL COMPLETED - NO HIGH SCHOOL,1-5 years,8,52264.75
30-34,ELEMENTARY SCHOOL COMPLETED - NO HIGH SCHOOL,10-20 years,2,108162.0
30-34,ELEMENTARY SCHOOL COMPLETED - NO HIGH SCHOOL,20-30 years,0,
30-34,ELEMENTARY SCHOOL COMPLETED - NO HIGH SCHOOL,30+ years,0,
30-34,ELEMENTARY SCHOOL COMPLETED - NO HIGH SCHOOL,5-10 years,5,62431.5
30-34,ELEMENTARY SCHOOL COMPLETED - NO HIGH SCHOOL,< 1 year,3,45795.67
30-34,ELEMENTARY SCHOOL COMPLETED - NO HIGH SCHOOL,Unknown,0,
30-34,FIRST PROFESSIONAL,1-5 years,3187,175192.81
30-34,FIRST PROFESSIONAL,10-20 years,28,157531.9
30-34,FIRST PROFESSIONAL,20-30 years,0,
30-34,FIRST PROFESSIONAL,30+ years,0,
30-34,FIRST PROFESSIONAL,5-10 years,1165,154385.6
30-34,FIRST PROFESSIONAL,< 1 year,907,203006.78
30-34,FIRST PROFESSIONAL,Unknown,0,
30-34,FOUR YEARS COLLEGE,1-5 years,867,72650.95
30-34,FOUR YEARS COLLEGE,10-20 years,184,108222.15
30-34,FOUR YEARS COLLEGE,20-30 years,0,
30-34,FOUR YEARS COLLEGE,30+ years,0,
30-34,FOUR YEARS COLLEGE,5-10 years,981,94211.3
30-34,FOUR YEARS COLLEGE,< 1 year,111,71544.0
30-34,FOUR YEARS COLLEGE,Unknown,0,
30-34,HIGH SCHOOL GRADUATE OR CERTIFICATE OF EQUIVALENCY,1-5 years,29458,67469.98
30-34,HIGH SCHOOL GRADUATE OR CERTIFICATE OF EQUIVALENCY,10-20 years,4531,97110.93
30-34,HIGH SCHOOL GRADUATE OR CERTIFICATE OF EQUIVALENCY,20-30 years,0,
30-34,HIGH SCHOOL GRADUATE OR CERTIFICATE OF EQUIVALENCY,30+ years,0,
30-34,HIGH SCHOOL GRADUATE OR CERTIFICATE OF EQUIVALENCY,5-10 years,21705,82453.31
30-34,HIGH SCHOOL GRADUATE OR CERTIFICATE OF EQUIVALENCY,< 1 year,5155,58930.41
30-34,HIGH SCHOOL GRADUATE OR CERTIFICATE OF EQUIVALENCY,Unknown,0,
30-34,INVALID,1-5 years,210,114494.8
30-34,INVALID,10-20 years,68,130918.1
30-34,INVALID,20-30 years,0,
30-34,INVALID,30+ years,0,
30-34,INVALID,5-10 years,185,127340.21
30-34,INVALID,< 1 year,46,86909.86
30-34,INVALID,Unknown,0,
30-34,MASTER'S DEGREE,1-5 years,12587,100197.4
30-34,MASTER'S DEGREE,10-20 years,1677,127432.68
30-34,MASTER'S DEGREE,20-30 years,0,
30-34,MASTER'S DEGREE,30+ years,0,
30-34,MASTER'S DEGREE,5-10 years,10217,113915.49
30-34,MASTER'S DEGREE,< 1 year,1690,84541.68
30-34,MASTER'S DEGREE,Unknown,0,
30-34,NO DATA REPORTED,1-5 years,78,56498.07
30-34,NO DATA REPORTED,10-20 years,1,
30-34,NO DATA REPORTED,20-30 years,0,
30-34,NO DATA REPORTED,30+ years,0,
30-34,NO DATA REPORTED,5-10 years,14,58150.25
30-34,NO DATA REPORTED,< 1 year,58,66834.38
30-34,NO DATA REPORTED,Unknown,0,
30-34,NO FORMAL EDUCATION OR SOME ELEMENTARY SCHOOL - DID NOT COMPLETE,1-5 years,527,66421.64
30-34,NO FORMAL EDUCATION OR SOME ELEMENTARY SCHOOL - DID NOT COMPLETE,10-20 years,155,76437.55
30-34,NO FORMAL EDUCATION OR SOME ELEMENTARY SCHOOL - DID NOT COMPLETE,20-30 years,0,
30-34,NO FORMAL EDUCATION OR SOME ELEMENTARY SCHOOL - DID NOT COMPLETE,30+ years,0,
30-34,NO FORMAL EDUCATION OR SOME ELEMENTARY SCHOOL - DID NOT COMPLETE,5-10 years,1805,78131.67
30-34,NO FORMAL EDUCATION OR SOME ELEMENTARY SCHOOL - DID NOT COMPLETE,< 1 year,39,54335.47
30-34,NO FORMAL EDUCATION OR SOME ELEMENTARY SCHOOL - DID NOT COMPLETE,Unknown,0,
30-34,ONE YEAR COLLEGE,1-5 years,1478,62492.97
30-34,ONE YEAR COLLEGE,10-20 years,490,94124.8
30-34,ONE YEAR COLLEGE,20-30 years,0,
30-34,ONE YEAR COLLEGE,30+ years,0,
30-34,ONE YEAR COLLEGE,5-10 years,1246,81354.95
30-34,ONE YEAR COLLEGE,< 1 year,264,57244.28
30-34,ONE YEAR COLLEGE,Unknown,0,
30-34,POST-BACHELOR'S,1-5 years,500,93971.4
30-34,POST-BACHELOR'S,10-20 years,95,126365.58
30-34,POST-BACHELOR'S,20-30 years,0,
30-34,POST-BACHELOR'S,30+ years,0,
30-34,POST-BACHELOR'S,5-10 years,577,111482.52
30-34,POST-BACHELOR'S,< 1 year,73,76574.23
30-34,POST-BACHELOR'S,Unknown,0,
30-34,POST-DOCTORATE,1-5 years,159,118888.13
30-34,POST-DOCTORATE,10-20 years,0,
30-34,POST-DOCTORATE,20-30 years,0,
30-34,POST-DOCTORATE,30+ years,0,
30-34,POST-DOCTORATE,5-10 years,21,141779.59
30-34,POST-DOCTORATE,< 1 year,28,105721.46
30-34,POST-DOCTORATE,Unknown,0,
30-34,POST-FIRST PROFESSIONAL,1-5 years,86,133810.46
30-34,POST-FIRST PROFESSIONAL,10-20 years,4,127704.0
30-34,POST-FIRST PROFESSIONAL,20-30 years,0,
30-34,POST-FIRST PROFESSIONAL,30+ years,0,
30-34,POST-FIRST PROFESSIONAL,5-10 years,29,137122.29
30-34,POST-FIRST PROFESSIONAL,< 1 year,18,158836.5
30-34,POST-FIRST PROFESSIONAL,Unknown,0,
30-34,POST-MASTER'S,1-5 years,230,107697.57
30-34,POST-MASTER'S,10-20 years,6,112526.0
30-34,POST-MASTER'S,20-30 years,0,
30-34,POST-MASTER'S,30+ years,0,
30-34,POST-MASTER'S,5-10 years,103,117001.11
30-34,POST-MASTER'S,< 1 year,33,91257.53
30-34,POST-MASTER'S,Unknown,0,
30-34,POST-SIXTH YEAR,1-5 years,18,107091.5
30-34,POST-SIXTH YEAR,10-20 years,1,156737.0
30-34,POST-SIXTH YEAR,20-30 years,0,
30-34,POST-SIXTH YEAR,30+ years,0,
30-34,POST-SIXTH YEAR,5-10 years,4,116742.67
30-34,POST-SIXTH YEAR,< 1 year,3,100000.0
30-34,POST-SIXTH YEAR,Unknown,0,
30-34,SIXTH-YEAR DEGREE,1-5 years,28,125309.7
30-34,SIXTH-YEAR DEGREE,10-20 years,2,111154.0
30-34,SIXTH-YEAR DEGREE,20-30 years,0,
30-34,SIXTH-YEAR DEGREE,30+ years,0,
30-34,SIXTH-YEAR DEGREE,5-10 years,7,129789.0
30-34,SIXTH-YEAR DEGREE,< 1 year,4,205444.0
30-34,SIXTH-YEAR DEGREE,Unknown,0,
30-34,SOME COLLEGE - LESS THAN ONE YEAR,1-5 years,1889,63440.33
30-34,SOME COLLEGE - LESS THAN ONE YEAR,10-20 years,579,85900.45
30-34,SOME COLLEGE - LESS THAN ONE YEAR,20-30 years,0,
30-34,SOME COLLEGE - LESS THAN ONE YEAR,30+ years,0,
30-34,SOME COLLEGE - LESS THAN ONE YEAR,5-10 years,1518,76894.7
30-34,SOME COLLEGE - LESS THAN ONE YEAR,< 1 year,342,53586.16
30-34,SOME COLLEGE - LESS THAN ONE YEAR,Unknown,0,
30-34,SOME HIGH SCHOOL - DID NOT COMPLETE,1-5 years,251,61245.46
30-34,SOME HIGH SCHOOL - DID NOT COMPLETE,10-20 years,79,88467.09
30-34,SOME HIGH SCHOOL - DID NOT COMPLETE,20-30 years,0,
30-34,SOME HIGH SCHOOL - DID NOT COMPLETE,30+ years,0,
30-34,SOME HIGH SCHOOL - DID NOT COMPLETE,5-10 years,127,75651.33
30-34,SOME HIGH SCHOOL - DID NOT COMPLETE,< 1 year,39,47195.94
30-34,SOME HIGH SCHOOL - DID NOT COMPLETE,Unknown,0,
30-34,"TERMINAL OCCUPATIONAL PROGRAM - CERTIFICATE OF COMPLETION, DIPLOMA OR EQUIVALENT",1-5 years,1012,62702.96
30-34,"TERMINAL OCCUPATIONAL PROGRAM - CERTIFICATE OF COMPLETION, DIPLOMA OR EQUIVALENT",10-20 years,146,84174.09
30-34,"TERMINAL OCCUPATIONAL PROGRAM - CERTIFICATE OF COMPLETION, DIPLOMA OR EQUIVALENT",20-30 years,0,
30-34,"TERMINAL OCCUPATIONAL PROGRAM - CERTIFICATE OF COMPLETION, DIPLOMA OR EQUIVALENT",30+ years,0,
30-34,"TERMINAL OCCUPATIONAL PROGRAM - CERTIFICATE OF COMPLETION, DIPLOMA OR EQUIVALENT",5-10 years,833,66208.39
30-34,"TERMINAL OCCUPATIONAL PROGRAM - CERTIFICATE OF COMPLETION, DIPLOMA OR EQUIVALENT",< 1 year,204,60547.36
30-34,"TERMINAL OCCUPATIONAL PROGRAM - CERTIFICATE OF COMPLETION, DIPLOMA OR EQUIVALENT",Unknown,0,
30-34,TERMINAL OCCUPATIONAL PROGRAM - DID NOT COMPLETE,1-5 years,52,62696.18
30-34,TERMINAL OCCUPATIONAL PROGRAM - DID NOT COMPLETE,10-20 years,60,71766.38
30-34,TERMINAL OCCUPATIONAL PROGRAM - DID NOT COMPLETE,20-30 years,0,
30-34,TERMINAL OCCUPATIONAL PROGRAM - DID NOT COMPLETE,30+ years,0,
30-34,TERMINAL OCCUPATIONAL PROGRAM - DID NOT COMPLETE,5-10 years,100,66438.39
30-34,TERMINAL OCCUPATIONAL PROGRAM - DID NOT COMPLETE,< 1 year,5,51593.0
30-34,TERMINAL OCCUPATIONAL PROGRAM - DID NOT COMPLETE,Unknown,0,
30-34,THREE YEARS COLLEGE,1-5 years,674,68437.27
30-34,THREE YEARS COLLEGE,10-20 years,263,112492.04
30-34,THREE YEARS COLLEGE,20-30 years,0,
30-34,THREE YEARS COLLEGE,30+ years,0,
30-34,THREE YEARS COLLEGE,5-10 years,742,94698.12
30-34,THREE YEARS COLLEGE,< 1 year,88,54491.5
30-34,THREE YEARS COLLEGE,Unknown,0,
30-34,TWO YEARS COLLEGE,1-5 years,1309,67620.49
30-34,TWO YEARS COLLEGE,10-20 years,515,99765.76
30-34,TWO YEARS COLLEGE,20-30 years,0,
30-34,TWO YEARS COLLEGE,30+ years,0,
30-34,TWO YEARS COLLEGE,5-10 years,1309,84932.11
30-34,TWO YEARS COLLEGE,< 1 year,212,59703.81
30-34,TWO YEARS COLLEGE,Unknown,0,
35-39,ASSOCIATE DEGREE,1-5 years,5104,74549.87
35-39,ASSOCIATE DEGREE,10-20 years,3926,110764.88
35-39,ASSOCIATE DEGREE,20-30 years,70,113917.26
35-39,ASSOCIATE DEGREE,30+ years,0,
35-39,ASSOCIATE DEGREE,5-10 years,4785,88137.4
35-39,ASSOCIATE DEGREE,< 1 year,783,69878.1
35-39,ASSOCIATE DEGREE,Unknown,0,
35-39,BACHELOR'S DEGREE,1-5 years,18726,93487.63
35-39,BACHELOR'S DEGREE,10-20 years,26391,126321.88
35-39,BACHELOR'S DEGREE,20-30 years,157,132967.45
35-39,BACHELOR'S DEGREE,30+ years,0,
35-39,BACHELOR'S DEGREE,5-10 years,21548,105092.99
35-39,BACHELOR'S DEGREE,< 1 year,2507,88068.79
35-39,BACHELOR'S DEGREE,Unknown,1,98193.0
35-39,DOCTORATE DEGREE,1-5 years,4624,134515.72
35-39,DOCTORATE DEGREE,10-20 years,1694,163459.72
35-39,DOCTORATE DEGREE,20-30 years,1,
35-39,DOCTORATE DEGREE,30+ years,0,
35-39,DOCTORATE DEGREE,5-10 years,4490,151318.41
35-39,DOCTORATE DEGREE,< 1 year,466,127157.77
35-39,DOCTORATE DEGREE,Unknown,0,
35-39,ELEMENTARY SCHOOL COMPLETED - NO HIGH SCHOOL,1-5 years,25,50593.44
35-39,ELEMENTARY SCHOOL COMPLETED - NO HIGH SCHOOL,10-20 years,2,166236.0
35-39,ELEMENTARY SCHOOL COMPLETED - NO HIGH SCHOOL,20-30 years,0,
35-39,ELEMENTARY SCHOOL COMPLETED - NO HIGH SCHOOL,30+ years,0,
35-39,ELEMENTARY SCHOOL COMPLETED - NO HIGH SCHOOL,5-10 years,5,50642.67
35-39,ELEMENTARY SCHOOL COMPLETED - NO HIGH SCHOOL,< 1 year,3,44473.0
35-39,ELEMENTARY SCHOOL COMPLETED - NO HIGH SCHOOL,Unknown,0,
35-39,FIRST PROFESSIONAL,1-5 years,4713,231308.76
35-39,FIRST PROFESSIONAL,10-20 years,1529,170193.43
35-39,FIRST PROFESSIONAL,20-30 years,0,
35-39,FIRST PROFESSIONAL,30+ years,0,
35-39,FIRST PROFESSIONAL,5-10 years,3879,206457.05
35-39,FIRST PROFESSIONAL,< 1 year,781,239232.59
35-39,FIRST PROFESSIONAL,Unknown,0,
35-39,FOUR YEARS COLLEGE,1-5 years,712,74601.93
35-39,FOUR YEARS COLLEGE,10-20 years,984,115423.28
35-39,FOUR YEARS COLLEGE,20-30 years,7,141135.0
35-39,FOUR YEARS COLLEGE,30+ years,0,
35-39,FOUR YEARS COLLEGE,5-10 years,1015,90995.09
35-39,FOUR YEARS COLLEGE,< 1 year,102,73020.1
35-39,FOUR YEARS COLLEGE,Unknown,0,
35-39,HIGH SCHOOL GRADUATE OR CERTIFICATE OF EQUIVALENCY,1-5 years,24826,69154.3
35-39,HIGH SCHOOL GRADUATE OR CERTIFICATE OF EQUIVALENCY,10-20 years,18308,103533.17
35-39,HIGH SCHOOL GRADUATE OR CERTIFICATE OF EQUIVALENCY,20-30 years,352,115565.83
35-39,HIGH SCHOOL GRADUATE OR CERTIFICATE OF EQUIVALENCY,30+ years,0,
35-39,HIGH SCHOOL GRADUATE OR CERTIFICATE OF EQUIVALENCY,5-10 years,23564,85509.89
35-39,HIGH SCHOOL GRADUATE OR CERTIFICATE OF EQUIVALENCY,< 1 year,3974,59032.86
35-39,HIGH SCHOOL GRADUATE OR CERTIFICATE OF EQUIVALENCY,Unknown,0,
35-39,INVALID,1-5 years,156,126370.52
35-39,INVALID,10-20 years,164,135480.91
35-39,INVALID,20-30 years,2,121872.0
35-39,INVALID,30+ years,0,
35-39,INVALID,5-10 years,180,132527.62
35-39,INVALID,< 1 year,30,153371.5
35-39,INVALID,Unknown,0,
35-39,MASTER'S DEGREE,1-5 years,12807,108420.84
35-39,MASTER'S DEGREE,10-20 years,13705,134144.98
35-39,MASTER'S DEGREE,20-30 years,94,139527.83
35-39,MASTER'S DEGREE,30+ years,0,
35-39,MASTER'S DEGREE,5-10 years,14145,119130.02
35-39,MASTER'S DEGREE,< 1 year,1515,103643.45
35-39,MASTER'S DEGREE,Unknown,0,
35-39,NO DATA REPORTED,1-5 years,48,76210.88
35-39,NO DATA REPORTED,10-20 years,3,
35-39,NO DATA REPORTED,20-30 years,0,
35-39,NO DATA REPORTED,30+ years,0,
35-39,NO DATA REPORTED,5-10 years,17,58578.43
35-39,NO DATA REPORTED,< 1 year,35,72262.37
35-39,NO DATA REPORTED,Unknown,0,
35-39,NO FORMAL EDUCATION OR SOME ELEMENTARY SCHOOL - DID NOT COMPLETE,1-5 years,568,68137.7
35-39,NO FORMAL EDUCATION OR SOME ELEMENTARY SCHOOL - DID NOT COMPLETE,10-20 years,789,80553.22
35-39,NO FORMAL EDUCATION OR SOME ELEMENTARY SCHOOL - DID NOT COMPLETE,20-30 years,5,97119.4
35-39,NO FORMAL EDUCATION OR SOME ELEMENTARY SCHOOL - DID NOT COMPLETE,30+ years,0,
35-39,NO FORMAL EDUCATION OR SOME ELEMENTARY SCHOOL - DID NOT COMPLETE,5-10 years,1390,78105.02
35-39,NO FORMAL EDUCATION OR SOME ELEMENTARY SCHOOL - DID NOT COMPLETE,< 1 year,49,62497.34
35-39,NO FORMAL EDUCATION OR SOME ELEMENTARY SCHOOL - DID NOT COMPLETE,Unknown,0,
35-39,ONE YEAR COLLEGE,1-5 years,1296,63066.67
35-39,ONE YEAR COLLEGE,10-20 years,2255,98597.05
35-39,ONE YEAR COLLEGE,20-30 years,25,119117.42
35-39,ONE YEAR COLLEGE,30+ years,0,
35-39,ONE YEAR COLLEGE,5-10 years,1325,80117.93
35-39,ONE YEAR COLLEGE,< 1 year,173,54795.81
35-39,ONE YEAR COLLEGE,Unknown,0,
35-39,POST-BACHELOR'S,1-5 years,448,97400.44
35-39,POST-BACHELOR'S,10-20 years,853,134437.89
35-39,POST-BACHELOR'S,20-30 years,4,135899.33
35-39,POST-BACHELOR'S,30+ years,0,
35-39,POST-BACHELOR'S,5-10 years,687,116445.47
35-39,POST-BACHELOR'S,< 1 year,59,104286.8
35-39,POST-BACHELOR'S,Unknown,0,
35-39,POST-DOCTORATE,1-5 years,320,130676.35
35-39,POST-DOCTORATE,10-20 years,16,160083.73
35-39,POST-DOCTORATE,20-30 years,0,
35-39,POST-DOCTORATE,30+ years,0,
35-39,POST-DOCTORATE,5-10 years,237,148463.27
35-39,POST-DOCTORATE,< 1 year,26,120919.52
35-39,POST-DOCTORATE,Unknown,0,
35-39,POST-FIRST PROFESSIONAL,1-5 years,115,147008.26
35-39,POST-FIRST PROFESSIONAL,10-20 years,43,148170.26
35-39,POST-FIRST PROFESSIONAL,20-30 years,0,
35-39,POST-FIRST PROFESSIONAL,30+ years,0,
35-39,POST-FIRST PROFESSIONAL,5-10 years,88,154614.37
35-39,POST-FIRST PROFESSIONAL,< 1 year,16,182853.5
35-39,POST-FIRST PROFESSIONAL,Unknown,0,
35-39,POST-MASTER'S,1-5 years,261,115867.91
35-39,POST-MASTER'S,10-20 years,168,144791.37
35-39,POST-MASTER'S,20-30 years,1,195200.0
35-39,POST-MASTER'S,30+ years,0,
35-39,POST-MASTER'S,5-10 years,274,127943.67
35-39,POST-MASTER'S,< 1 year,33,90742.78
35-39,POST-MASTER'S,Unknown,0,
35-39,POST-SIXTH YEAR,1-5 years,11,108056.78
35-39,POST-SIXTH YEAR,10-20 years,6,130877.75
35-39,POST-SIXTH YEAR,20-30 years,0,
35-39,POST-SIXTH YEAR,30+ years,0,
35-39,POST-SIXTH YEAR,5-10 years,15,137247.5
35-39,POST-SIXTH YEAR,< 1 year,4,110721.0
35-39,POST-SIXTH YEAR,Unknown,0,
35-39,SIXTH-YEAR DEGREE,1-5 years,34,118202.22
35-39,SIXTH-YEAR DEGREE,10-20 years,27,151221.33
35-39,SIXTH-YEAR DEGREE,20-30 years,0,
35-39,SIXTH-YEAR DEGREE,30+ years,0,
35-39,SIXTH-YEAR DEGREE,5-10 years,27,137236.92
35-39,SIXTH-YEAR DEGREE,< 1 year,9,120018.67
35-39,SIXTH-YEAR DEGREE,Unknown,0,
35-39,SOME COLLEGE - LESS THAN ONE YEAR,1-5 years,1591,63509.1
35-39,SOME COLLEGE - LESS THAN ONE YEAR,10-20 years,2878,92987.6
35-39,SOME COLLEGE - LESS THAN ONE YEAR,20-30 years,56,113030.28
35-39,SOME COLLEGE - LESS THAN ONE YEAR,30+ years,0,
35-39,SOME COLLEGE - LESS THAN ONE YEAR,5-10 years,1879,74857.71
35-39,SOME COLLEGE - LESS THAN ONE YEAR,< 1 year,264,56554.54
35-39,SOME COLLEGE - LESS THAN ONE YEAR,Unknown,0,
35-39,SOME HIGH SCHOOL - DID NOT COMPLETE,1-5 years,290,59627.16
35-39,SOME HIGH SCHOOL - DID NOT COMPLETE,10-20 years,170,88661.45
35-39,SOME HIGH SCHOOL - DID NOT COMPLETE,20-30 years,48,112736.28
35-39,SOME HIGH SCHOOL - DID NOT COMPLETE,30+ years,0,
35-39,SOME HIGH SCHOOL - DID NOT COMPLETE,5-10 years,193,69540.05
35-39,SOME HIGH SCHOOL - DID NOT COMPLETE,< 1 year,51,49615.91
35-39,SOME HIGH SCHOOL - DID NOT COMPLETE,Unknown,0,
35-39,"TERMINAL OCCUPATIONAL PROGRAM - CERTIFICATE OF COMPLETION, DIPLOMA OR EQUIVALENT",1-5 years,1291,64680.95
35-39,"TERMINAL OCCUPATIONAL PROGRAM - CERTIFICATE OF COMPLETION, DIPLOMA OR EQUIVALENT",10-20 years,721,85023.95
35-39,"TERMINAL OCCUPATIONAL PROGRAM - CERTIFICATE OF COMPLETION, DIPLOMA OR EQUIVALENT",20-30 years,25,143314.0
35-39,"TERMINAL OCCUPATIONAL PROGRAM - CERTIFICATE OF COMPLETION, DIPLOMA OR EQUIVALENT",30+ years,0,
35-39,"TERMINAL OCCUPATIONAL PROGRAM - CERTIFICATE OF COMPLETION, DIPLOMA OR EQUIVALENT",5-10 years,1323,68748.52
35-39,"TERMINAL OCCUPATIONAL PROGRAM - CERTIFICATE OF COMPLETION, DIPLOMA OR EQUIVALENT",< 1 year,195,61432.95
35-39,"TERMINAL OCCUPATIONAL PROGRAM - CERTIFICATE OF COMPLETION, DIPLOMA OR EQUIVALENT",Unknown,0,
35-39,TERMINAL OCCUPATIONAL PROGRAM - DID NOT COMPLETE,1-5 years,81,62795.09
35-39,TERMINAL OCCUPATIONAL PROGRAM - DID NOT COMPLETE,10-20 years,216,77933.86
35-39,TERMINAL OCCUPATIONAL PROGRAM - DID NOT COMPLETE,20-30 years,3,76735.0
35-39,TERMINAL OCCUPATIONAL PROGRAM - DID NOT COMPLETE,30+ years,0,
35-39,TERMINAL OCCUPATIONAL PROGRAM - DID NOT COMPLETE,5-10 years,156,68457.92
35-39,TERMINAL OCCUPATIONAL PROGRAM - DID NOT COMPLETE,< 1 year,7,77221.0
35-39,TERMINAL OCCUPATIONAL PROGRAM - DID NOT COMPLETE,Unknown,0,
35-39,THREE YEARS COLLEGE,1-5 years,562,74287.9
35-39,THREE YEARS COLLEGE,10-20 years,1113,118918.63
35-39,THREE YEARS COLLEGE,20-30 years,13,121689.5
35-39,THREE YEARS COLLEGE,30+ years,0,
35-39,THREE YEARS COLLEGE,5-10 years,693,88792.64
35-39,THREE YEARS COLLEGE,< 1 year,70,68332.72
35-39,THREE YEARS COLLEGE,Unknown,0,
35-39,TWO YEARS COLLEGE,1-5 years,1166,68010.02
35-39,TWO YEARS COLLEGE,10-20 years,2304,104508.46
35-39,TWO YEARS COLLEGE,20-30 years,18,110501.33
35-39,TWO YEARS COLLEGE,30+ years,0,
35-39,TWO YEARS COLLEGE,5-10 years,1432,83617.7
35-39,TWO YEARS COLLEGE,< 1 year,181,63421.92
35-39,TWO YEARS COLLEGE,Unknown,0,
40-44,ASSOCIATE DEGREE,1-5 years,5285,76782.76
40-44,ASSOCIATE DEGREE,10-20 years,7216,106310.95
40-44,ASSOCIATE DEGREE,20-30 years,1411,117760.63
40-44,ASSOCIATE DEGREE,30+ years,0,
40-44,ASSOCIATE DEGREE,5-10 years,5141,85020.79
40-44,ASSOCIATE DEGREE,< 1 year,696,69454.08
40-44,ASSOCIATE DEGREE,Unknown,0,
40-44,BACHELOR'S DEGREE,1-5 years,15558,97279.8
40-44,BACHELOR'S DEGREE,10-20 years,45505,127328.85
40-44,BACHELOR'S DEGREE,20-30 years,7334,144330.17
40-44,BACHELOR'S DEGREE,30+ years,0,
40-44,BACHELOR'S DEGREE,5-10 years,17828,106027.17
40-44,BACHELOR'S DEGREE,< 1 year,1950,92487.98
40-44,BACHELOR'S DEGREE,Unknown,0,
40-44,DOCTORATE DEGREE,1-5 years,3240,140148.16
40-44,DOCTORATE DEGREE,10-20 years,4975,166927.3
40-44,DOCTORATE DEGREE,20-30 years,155,172781.92
40-44,DOCTORATE DEGREE,30+ years,0,
40-44,DOCTORATE DEGREE,5-10 years,4090,153312.32
40-44,DOCTORATE DEGREE,< 1 year,363,133310.79
40-44,DOCTORATE DEGREE,Unknown,0,
40-44,ELEMENTARY SCHOOL COMPLETED - NO HIGH SCHOOL,1-5 years,23,60690.05
40-44,ELEMENTARY SCHOOL COMPLETED - NO HIGH SCHOOL,10-20 years,3,119773.67
40-44,ELEMENTARY SCHOOL COMPLETED - NO HIGH SCHOOL,20-30 years,2,66923.5
40-44,ELEMENTARY SCHOOL COMPLETED - NO HIGH SCHOOL,30+ years,0,
40-44,ELEMENTARY SCHOOL COMPLETED - NO HIGH SCHOOL,5-10 years,7,52480.6
40-44,ELEMENTARY SCHOOL COMPLETED - NO HIGH SCHOOL,< 1 year,5,42973.0
40-44,ELEMENTARY SCHOOL COMPLETED - NO HIGH SCHOOL,Unknown,0,
40-44,FIRST PROFESSIONAL,1-5 years,2974,240509.18
40-44,FIRST PROFESSIONAL,10-20 years,5266,197949.67
40-44,FIRST PROFESSIONAL,20-30 years,45,161484.46
40-44,FIRST PROFESSIONAL,30+ years,0,
40-44,FIRST PROFESSIONAL,5-10 years,4267,242254.04
40-44,FIRST PROFESSIONAL,< 1 year,499,252200.01
40-44,FIRST PROFESSIONAL,Unknown,0,
40-44,FOUR YEARS COLLEGE,1-5 years,595,77622.36
40-44,FOUR YEARS COLLEGE,10-20 years,1668,112861.17
40-44,FOUR YEARS COLLEGE,20-30 years,263,129670.22
40-44,FOUR YEARS COLLEGE,30+ years,0,
40-44,FOUR YEARS COLLEGE,5-10 years,774,98243.28
40-44,FOUR YEARS COLLEGE,< 1 year,71,75789.84
40-44,FOUR YEARS COLLEGE,Unknown,0,
40-44,HIGH SCHOOL GRADUATE OR CERTIFICATE OF EQUIVALENCY,1-5 years,20052,71056.89
40-44,HIGH SCHOOL GRADUATE OR CERTIFICATE OF EQUIVALENCY,10-20 years,28209,111934.87
40-44,HIGH SCHOOL GRADUATE OR CERTIFICATE OF EQUIVALENCY,20-30 years,6793,123628.39
40-44,HIGH SCHOOL GRADUATE OR CERTIFICATE OF EQUIVALENCY,30+ years,0,
40-44,HIGH SCHOOL GRADUATE OR CERTIFICATE OF EQUIVALENCY,5-10 years,18457,82977.76
40-44,HIGH SCHOOL GRADUATE OR CERTIFICATE OF EQUIVALENCY,< 1 year,3040,59783.46
40-44,HIGH SCHOOL GRADUATE OR CERTIFICATE OF EQUIVALENCY,Unknown,0,
40-44,INVALID,1-5 years,85,120674.63
40-44,INVALID,10-20 years,134,143152.59
40-44,INVALID,20-30 years,30,156993.16
40-44,INVALID,30+ years,0,
40-44,INVALID,5-10 years,123,138164.04
40-44,INVALID,< 1 year,17,122624.0
40-44,INVALID,Unknown,0,
40-44,MASTER'S DEGREE,1-5 years,11844,112624.16
40-44,MASTER'S DEGREE,10-20 years,28706,139051.76
40-44,MASTER'S DEGREE,20-30 years,3933,151614.09
40-44,MASTER'S DEGREE,30+ years,0,
40-44,MASTER'S DEGREE,5-10 years,13125,123942.26
40-44,MASTER'S DEGREE,< 1 year,1307,110553.25
40-44,MASTER'S DEGREE,Unknown,1,166236.0
40-44,NO DATA REPORTED,1-5 years,42,76516.09
40-44,NO DATA REPORTED,10-20 years,2,26088.0
40-44,NO DATA REPORTED,20-30 years,0,
40-44,NO DATA REPORTED,30+ years,0,
40-44,NO DATA REPORTED,5-10 years,13,49259.25
40-44,NO DATA REPORTED,< 1 year,26,76975.06
40-44,NO DATA REPORTED,Unknown,0,
40-44,NO FORMAL EDUCATION OR SOME ELEMENTARY SCHOOL - DID NOT COMPLETE,1-5 years,591,71996.67
40-44,NO FORMAL EDUCATION OR SOME ELEMENTARY SCHOOL - DID NOT COMPLETE,10-20 years,1543,82409.49
40-44,NO FORMAL EDUCATION OR SOME ELEMENTARY SCHOOL - DID NOT COMPLETE,20-30 years,161,96579.06
40-44,NO FORMAL EDUCATION OR SOME ELEMENTARY SCHOOL - DID NOT COMPLETE,30+ years,0,
40-44,NO FORMAL EDUCATION OR SOME ELEMENTARY SCHOOL - DID NOT COMPLETE,5-10 years,1004,78948.79
40-44,NO FORMAL EDUCATION OR SOME ELEMENTARY SCHOOL - DID NOT COMPLETE,< 1 year,31,64305.37
40-44,NO FORMAL EDUCATION OR SOME ELEMENTARY SCHOOL - DID NOT COMPLETE,Unknown,0,
40-44,ONE YEAR COLLEGE,1-5 years,1108,64020.22
40-44,ONE YEAR COLLEGE,10-20 years,3343,98837.22
40-44,ONE YEAR COLLEGE,20-30 years,739,113984.61
40-44,ONE YEAR COLLEGE,30+ years,0,
40-44,ONE YEAR COLLEGE,5-10 years,1115,78273.42
40-44,ONE YEAR COLLEGE,< 1 year,146,55433.18
40-44,ONE YEAR COLLEGE,Unknown,0,
40-44,POST-BACHELOR'S,1-5 years,388,106981.38
40-44,POST-BACHELOR'S,10-20 years,1814,139312.56
40-44,POST-BACHELOR'S,20-30 years,216,148905.72
40-44,POST-BACHELOR'S,30+ years,0,
40-44,POST-BACHELOR'S,5-10 years,579,122351.02
40-44,POST-BACHELOR'S,< 1 year,49,92115.9
40-44,POST-BACHELOR'S,Unknown,0,
40-44,POST-DOCTORATE,1-5 years,295,138054.69
40-44,POST-DOCTORATE,10-20 years,260,173035.17
40-44,POST-DOCTORATE,20-30 years,1,127833.0
40-44,POST-DOCTORATE,30+ years,0,
40-44,POST-DOCTORATE,5-10 years,410,155532.92
40-44,POST-DOCTORATE,< 1 year,17,147916.4
40-44,POST-DOCTORATE,Unknown,0,
40-44,POST-FIRST PROFESSIONAL,1-5 years,80,152264.72
40-44,POST-FIRST PROFESSIONAL,10-20 years,143,166815.7
40-44,POST-FIRST PROFESSIONAL,20-30 years,10,158654.6
40-44,POST-FIRST PROFESSIONAL,30+ years,0,
40-44,POST-FIRST PROFESSIONAL,5-10 years,82,162046.21
40-44,POST-FIRST PROFESSIONAL,< 1 year,5,283863.0
40-44,POST-FIRST PROFESSIONAL,Unknown,0,
40-44,POST-MASTER'S,1-5 years,246,119570.37
40-44,POST-MASTER'S,10-20 years,623,154021.87
40-44,POST-MASTER'S,20-30 years,70,147809.71
40-44,POST-MASTER'S,30+ years,0,
40-44,POST-MASTER'S,5-10 years,342,136800.41
40-44,POST-MASTER'S,< 1 year,41,113322.3
40-44,POST-MASTER'S,Unknown,0,
40-44,POST-SIXTH YEAR,1-5 years,15,96958.25
40-44,POST-SIXTH YEAR,10-20 years,30,154782.84
40-44,POST-SIXTH YEAR,20-30 years,3,151993.0
40-44,POST-SIXTH YEAR,30+ years,0,
40-44,POST-SIXTH YEAR,5-10 years,14,137338.92
40-44,POST-SIXTH YEAR,< 1 year,2,185000.0
40-44,POST-SIXTH YEAR,Unknown,0,
40-44,SIXTH-YEAR DEGREE,1-5 years,43,104368.31
40-44,SIXTH-YEAR DEGREE,10-20 years,69,154069.36
40-44,SIXTH-YEAR DEGREE,20-30 years,10,184641.8
40-44,SIXTH-YEAR DEGREE,30+ years,0,
40-44,SIXTH-YEAR DEGREE,5-10 years,44,141963.8
40-44,SIXTH-YEAR DEGREE,< 1 year,4,
40-44,SIXTH-YEAR DEGREE,Unknown,0,
40-44,SOME COLLEGE - LESS THAN ONE YEAR,1-5 years,1342,65186.25
40-44,SOME COLLEGE - LESS THAN ONE YEAR,10-20 years,4318,93437.02
40-44,SOME COLLEGE - LESS THAN ONE YEAR,20-30 years,1123,108182.9
40-44,SOME COLLEGE - LESS THAN ONE YEAR,30+ years,0,
40-44,SOME COLLEGE - LESS THAN ONE YEAR,5-10 years,1578,76966.32
40-44,SOME COLLEGE - LESS THAN ONE YEAR,< 1 year,175,61823.39
40-44,SOME COLLEGE - LESS THAN ONE YEAR,Unknown,0,
40-44,SOME HIGH SCHOOL - DID NOT COMPLETE,1-5 years,322,61024.48
40-44,SOME HIGH SCHOOL - DID NOT COMPLETE,10-20 years,191,82929.73
40-44,SOME HIGH SCHOOL - DID NOT COMPLETE,20-30 years,191,114102.58
40-44,SOME HIGH SCHOOL - DID NOT COMPLETE,30+ years,0,
40-44,SOME HIGH SCHOOL - DID NOT COMPLETE,5-10 years,190,70428.76
40-44,SOME HIGH SCHOOL - DID NOT COMPLETE,< 1 year,44,49219.08
40-44,SOME HIGH SCHOOL - DID NOT COMPLETE,Unknown,0,
40-44,"TERMINAL OCCUPATIONAL PROGRAM - CERTIFICATE OF COMPLETION, DIPLOMA OR EQUIVALENT",1-5 years,1262,65788.32
40-44,"TERMINAL OCCUPATIONAL PROGRAM - CERTIFICATE OF COMPLETION, DIPLOMA OR EQUIVALENT",10-20 years,1034,86616.63
40-44,"TERMINAL OCCUPATIONAL PROGRAM - CERTIFICATE OF COMPLETION, DIPLOMA OR EQUIVALENT",20-30 years,319,104788.24
40-44,"TERMINAL OCCUPATIONAL PROGRAM - CERTIFICATE OF COMPLETION, DIPLOMA OR EQUIVALENT",30+ years,0,
40-44,"TERMINAL OCCUPATIONAL PROGRAM - CERTIFICATE OF COMPLETION, DIPLOMA OR EQUIVALENT",5-10 years,1526,70264.74
40-44,"TERMINAL OCCUPATIONAL PROGRAM - CERTIFICATE OF COMPLETION, DIPLOMA OR EQUIVALENT",< 1 year,163,63318.8
40-44,"TERMINAL OCCUPATIONAL PROGRAM - CERTIFICATE OF COMPLETION, DIPLOMA OR EQUIVALENT",Unknown,0,
40-44,TERMINAL OCCUPATIONAL PROGRAM - DID NOT COMPLETE,1-5 years,57,72819.91
40-44,TERMINAL OCCUPATIONAL PROGRAM - DID NOT COMPLETE,10-20 years,420,80260.32
40-44,TERMINAL OCCUPATIONAL PROGRAM - DID NOT COMPLETE,20-30 years,113,93696.3
40-44,TERMINAL OCCUPATIONAL PROGRAM - DID NOT COMPLETE,30+ years,0,
40-44,TERMINAL OCCUPATIONAL PROGRAM - DID NOT COMPLETE,5-10 years,151,71173.53
40-44,TERMINAL OCCUPATIONAL PROGRAM - DID NOT COMPLETE,< 1 year,5,66111.0
40-44,TERMINAL OCCUPATIONAL PROGRAM - DID NOT COMPLETE,Unknown,0,
40-44,THREE YEARS COLLEGE,1-5 years,441,72954.74
40-44,THREE YEARS COLLEGE,10-20 years,1431,113447.15
40-44,THREE YEARS COLLEGE,20-30 years,377,127909.44
40-44,THREE YEARS COLLEGE,30+ years,0,
40-44,THREE YEARS COLLEGE,5-10 years,504,89377.68
40-44,THREE YEARS COLLEGE,< 1 year,48,61366.37
40-44,THREE YEARS COLLEGE,Unknown,0,
40-44,TWO YEARS COLLEGE,1-5 years,980,71954.89
40-44,TWO YEARS COLLEGE,10-20 years,3141,101683.0
40-44,TWO YEARS COLLEGE,20-30 years,754,116144.64
40-44,TWO YEARS COLLEGE,30+ years,0,
40-44,TWO YEARS COLLEGE,5-10 years,1230,81703.57
40-44,TWO YEARS COLLEGE,< 1 year,117,67626.0
40-44,TWO YEARS COLLEGE,Unknown,0,
45-49,ASSOCIATE DEGREE,1-5 years,4866,77920.42
45-49,ASSOCIATE DEGREE,10-20 years,6742,100315.56
45-49,ASSOCIATE DEGREE,20-30 years,3434,119413.25
45-49,ASSOCIATE DEGREE,30+ years,39,139262.32
45-49,ASSOCIATE DEGREE,5-10 years,4654,86400.93
45-49,ASSOCIATE DEGREE,< 1 year,518,69600.37
45-49,ASSOCIATE DEGREE,Unknown,0,
45-49,BACHELOR'S DEGREE,1-5 years,12787,98984.99
45-49,BACHELOR'S DEGREE,10-20 years,31480,123967.5
45-49,BACHELOR'S DEGREE,20-30 years,24713,139562.32
45-49,BACHELOR'S DEGREE,30+ years,117,152866.78
45-49,BACHELOR'S DEGREE,5-10 years,13588,107152.55
45-49,BACHELOR'S DEGREE,< 1 year,1327,94165.61
45-49,BACHELOR'S DEGREE,Unknown,1,150419.0
45-49,DOCTORATE DEGREE,1-5 years,2399,141667.34
45-49,DOCTORATE DEGREE,10-20 years,5665,169570.46
45-49,DOCTORATE DEGREE,20-30 years,1070,178759.32
45-49,DOCTORATE DEGREE,30+ years,1,175735.0
45-49,DOCTORATE DEGREE,5-10 years,2835,155300.86
45-49,DOCTORATE DEGREE,< 1 year,284,141019.17
45-49,DOCTORATE DEGREE,Unknown,0,
45-49,ELEMENTARY SCHOOL COMPLETED - NO HIGH SCHOOL,1-5 years,22,62784.6
45-49,ELEMENTARY SCHOOL COMPLETED - NO HIGH SCHOOL,10-20 years,3,88062.0
45-49,ELEMENTARY SCHOOL COMPLETED - NO HIGH SCHOOL,20-30 years,6,80261.5
45-49,ELEMENTARY SCHOOL COMPLETED - NO HIGH SCHOOL,30+ years,0,
45-49,ELEMENTARY SCHOOL COMPLETED - NO HIGH SCHOOL,5-10 years,3,47512.0
45-49,ELEMENTARY SCHOOL COMPLETED - NO HIGH SCHOOL,< 1 year,8,53519.43
45-49,ELEMENTARY SCHOOL COMPLETED - NO HIGH SCHOOL,Unknown,0,
45-49,FIRST PROFESSIONAL,1-5 years,1931,244663.83
45-49,FIRST PROFESSIONAL,10-20 years,6302,231565.05
45-49,FIRST PROFESSIONAL,20-30 years,995,197066.71
45-49,FIRST PROFESSIONAL,30+ years,0,
45-49,FIRST PROFESSIONAL,5-10 years,2460,248251.92
45-49,FIRST PROFESSIONAL,< 1 year,337,264507.77
45-49,FIRST PROFESSIONAL,Unknown,0,
45-49,FOUR YEARS COLLEGE,1-5 years,526,82981.38
45-49,FOUR YEARS COLLEGE,10-20 years,1261,111537.54
45-49,FOUR YEARS COLLEGE,20-30 years,770,126430.38
45-49,FOUR YEARS COLLEGE,30+ years,2,136658.0
45-49,FOUR YEARS COLLEGE,5-10 years,545,98568.24
45-49,FOUR YEARS COLLEGE,< 1 year,56,71562.53
45-49,FOUR YEARS COLLEGE,Unknown,0,
45-49,HIGH SCHOOL GRADUATE OR CERTIFICATE OF EQUIVALENCY,1-5 years,17149,72340.74
45-49,HIGH SCHOOL GRADUATE OR CERTIFICATE OF EQUIVALENCY,10-20 years,23248,106804.13
45-49,HIGH SCHOOL GRADUATE OR CERTIFICATE OF EQUIVALENCY,20-30 years,15506,118219.54
45-49,HIGH SCHOOL GRADUATE OR CERTIFICATE OF EQUIVALENCY,30+ years,156,131624.32
45-49,HIGH SCHOOL GRADUATE OR CERTIFICATE OF EQUIVALENCY,5-10 years,14525,83934.53
45-49,HIGH SCHOOL GRADUATE OR CERTIFICATE OF EQUIVALENCY,< 1 year,2317,61020.74
45-49,HIGH SCHOOL GRADUATE OR CERTIFICATE OF EQUIVALENCY,Unknown,0,
45-49,INVALID,1-5 years,51,139310.46
45-49,INVALID,10-20 years,108,142050.06
45-49,INVALID,20-30 years,49,143476.18
45-49,INVALID,30+ years,0,
45-49,INVALID,5-10 years,76,135409.96
45-49,INVALID,< 1 year,12,161350.83
45-49,INVALID,Unknown,0,
45-49,MASTER'S DEGREE,1-5 years,10431,115951.27
45-49,MASTER'S DEGREE,10-20 years,25106,139881.9
45-49,MASTER'S DEGREE,20-30 years,12618,153889.16
45-49,MASTER'S DEGREE,30+ years,66,155332.59
45-49,MASTER'S DEGREE,5-10 years,10625,126656.4
45-49,MASTER'S DEGREE,< 1 year,1126,114264.9
45-49,MASTER'S DEGREE,Unknown,0,
45-49,NO DATA REPORTED,1-5 years,30,79923.79
45-49,NO DATA REPORTED,10-20 years,6,
45-49,NO DATA REPORTED,20-30 years,1,
45-49,NO DATA REPORTED,30+ years,0,
45-49,NO DATA REPORTED,5-10 years,6,48491.5
45-49,NO DATA REPORTED,< 1 year,19,64082.87
45-49,NO DATA REPORTED,Unknown,0,
45-49,NO FORMAL EDUCATION OR SOME ELEMENTARY SCHOOL - DID NOT COMPLETE,1-5 years,517,68697.23
45-49,NO FORMAL EDUCATION OR SOME ELEMENTARY SCHOOL - DID NOT COMPLETE,10-20 years,1619,80438.64
45-49,NO FORMAL EDUCATION OR SOME ELEMENTARY SCHOOL - DID NOT COMPLETE,20-30 years,377,93826.81
45-49,NO FORMAL EDUCATION OR SOME ELEMENTARY SCHOOL - DID NOT COMPLETE,30+ years,3,90201.0
45-49,NO FORMAL EDUCATION OR SOME ELEMENTARY SCHOOL - DID NOT COMPLETE,5-10 years,828,81638.58
45-49,NO FORMAL EDUCATION OR SOME ELEMENTARY SCHOOL - DID NOT COMPLETE,< 1 year,36,64976.44
45-49,NO FORMAL EDUCATION OR SOME ELEMENTARY SCHOOL - DID NOT COMPLETE,Unknown,0,
45-49,ONE YEAR COLLEGE,1-5 years,909,64577.35
45-49,ONE YEAR COLLEGE,10-20 years,2531,96991.97
45-49,ONE YEAR COLLEGE,20-30 years,1820,113765.19
45-49,ONE YEAR COLLEGE,30+ years,21,132207.57
45-49,ONE YEAR COLLEGE,5-10 years,895,78699.39
45-49,ONE YEAR COLLEGE,< 1 year,113,51778.69
45-49,ONE YEAR COLLEGE,Unknown,0,
45-49,POST-BACHELOR'S,1-5 years,324,112606.03
45-49,POST-BACHELOR'S,10-20 years,1434,135875.78
45-49,POST-BACHELOR'S,20-30 years,943,152418.49
45-49,POST-BACHELOR'S,30+ years,2,
45-49,POST-BACHELOR'S,5-10 years,428,126338.92
45-49,POST-BACHELOR'S,< 1 year,41,141587.89
45-49,POST-BACHELOR'S,Unknown,1,149549.0
45-49,POST-DOCTORATE,1-5 years,221,140058.73
45-49,POST-DOCTORATE,10-20 years,725,179851.4
45-49,POST-DOCTORATE,20-30 years,20,190077.86
45-49,POST-DOCTORATE,30+ years,0,
45-49,POST-DOCTORATE,5-10 years,362,167320.26
45-49,POST-DOCTORATE,< 1 year,17,143237.38
45-49,POST-DOCTORATE,Unknown,0,
45-49,POST-FIRST PROFESSIONAL,1-5 years,59,163968.82
45-49,POST-FIRST PROFESSIONAL,10-20 years,186,180153.67
45-49,POST-FIRST PROFESSIONAL,20-30 years,54,154899.16
45-49,POST-FIRST PROFESSIONAL,30+ years,0,
45-49,POST-FIRST PROFESSIONAL,5-10 years,58,192735.12
45-49,POST-FIRST PROFESSIONAL,< 1 year,5,174207.0
45-49,POST-FIRST PROFESSIONAL,Unknown,0,
45-49,POST-MASTER'S,1-5 years,221,132840.93
45-49,POST-MASTER'S,10-20 years,751,157168.43
45-49,POST-MASTER'S,20-30 years,288,167825.36
45-49,POST-MASTER'S,30+ years,0,
45-49,POST-MASTER'S,5-10 years,273,141667.45
45-49,POST-MASTER'S,< 1 year,40,147775.62
45-49,POST-MASTER'S,Unknown,0,
45-49,POST-SIXTH YEAR,1-5 years,11,140015.89
45-49,POST-SIXTH YEAR,10-20 years,54,163334.27
45-49,POST-SIXTH YEAR,20-30 years,13,173558.0
45-49,POST-SIXTH YEAR,30+ years,0,
45-49,POST-SIXTH YEAR,5-10 years,17,144591.43
45-49,POST-SIXTH YEAR,< 1 year,1,
45-49,POST-SIXTH YEAR,Unknown,0,
45-49,SIXTH-YEAR DEGREE,1-5 years,25,148396.33
45-49,SIXTH-YEAR DEGREE,10-20 years,76,147556.7
45-49,SIXTH-YEAR DEGREE,20-30 years,33,153632.45
45-49,SIXTH-YEAR DEGREE,30+ years,1,205564.0
45-49,SIXTH-YEAR DEGREE,5-10 years,38,118980.82
45-49,SIXTH-YEAR DEGREE,< 1 year,11,128508.0
45-49,SIXTH-YEAR DEGREE,Unknown,0,
45-49,SOME COLLEGE - LESS THAN ONE YEAR,1-5 years,1144,66056.79
45-49,SOME COLLEGE - LESS THAN ONE YEAR,10-20 years,3536,94647.49
45-49,SOME COLLEGE - LESS THAN ONE YEAR,20-30 years,2668,110263.49
45-49,SOME COLLEGE - LESS THAN ONE YEAR,30+ years,39,140394.81
45-49,SOME COLLEGE - LESS THAN ONE YEAR,5-10 years,1256,75712.98
45-49,SOME COLLEGE - LESS THAN ONE YEAR,< 1 year,139,57489.79
45-49,SOME COLLEGE - LESS THAN ONE YEAR,Unknown,0,
45-49,SOME HIGH SCHOOL - DID NOT COMPLETE,1-5 years,284,60051.41
45-49,SOME HIGH SCHOOL - DID NOT COMPLETE,10-20 years,190,80997.29
45-49,SOME HIGH SCHOOL - DID NOT COMPLETE,20-30 years,171,92822.4
45-49,SOME HIGH SCHOOL - DID NOT COMPLETE,30+ years,49,121396.25
45-49,SOME HIGH SCHOOL - DID NOT COMPLETE,5-10 years,169,72315.71
45-49,SOME HIGH SCHOOL - DID NOT COMPLETE,< 1 year,51,54071.38
45-49,SOME HIGH SCHOOL - DID NOT COMPLETE,Unknown,0,
45-49,"TERMINAL OCCUPATIONAL PROGRAM - CERTIFICATE OF COMPLETION, DIPLOMA OR EQUIVALENT",1-5 years,1071,66542.03
45-49,"TERMINAL OCCUPATIONAL PROGRAM - CERTIFICATE OF COMPLETION, DIPLOMA OR EQUIVALENT",10-20 years,1073,87958.78
45-49,"TERMINAL OCCUPATIONAL PROGRAM - CERTIFICATE OF COMPLETION, DIPLOMA OR EQUIVALENT",20-30 years,594,100988.95
45-49,"TERMINAL OCCUPATIONAL PROGRAM - CERTIFICATE OF COMPLETION, DIPLOMA OR EQUIVALENT",30+ years,4,188574.25
45-49,"TERMINAL OCCUPATIONAL PROGRAM - CERTIFICATE OF COMPLETION, DIPLOMA OR EQUIVALENT",5-10 years,1367,70846.72
45-49,"TERMINAL OCCUPATIONAL PROGRAM - CERTIFICATE OF COMPLETION, DIPLOMA OR EQUIVALENT",< 1 year,135,63509.9
45-49,"TERMINAL OCCUPATIONAL PROGRAM - CERTIFICATE OF COMPLETION, DIPLOMA OR EQUIVALENT",Unknown,0,
45-49,TERMINAL OCCUPATIONAL PROGRAM - DID NOT COMPLETE,1-5 years,63,65116.63
45-49,TERMINAL OCCUPATIONAL PROGRAM - DID NOT COMPLETE,10-20 years,417,80471.79
45-49,TERMINAL OCCUPATIONAL PROGRAM - DID NOT COMPLETE,20-30 years,297,92794.05
45-49,TERMINAL OCCUPATIONAL PROGRAM - DID NOT COMPLETE,30+ years,4,189950.0
45-49,TERMINAL OCCUPATIONAL PROGRAM - DID NOT COMPLETE,5-10 years,148,69996.55
45-49,TERMINAL OCCUPATIONAL PROGRAM - DID NOT COMPLETE,< 1 year,3,53292.0
45-49,TERMINAL OCCUPATIONAL PROGRAM - DID NOT COMPLETE,Unknown,0,
45-49,THREE YEARS COLLEGE,1-5 years,371,71013.18
45-49,THREE YEARS COLLEGE,10-20 years,972,106985.9
45-49,THREE YEARS COLLEGE,20-30 years,900,127613.22
45-49,THREE YEARS COLLEGE,30+ years,2,195200.0
45-49,THREE YEARS COLLEGE,5-10 years,395,89077.78
45-49,THREE YEARS COLLEGE,< 1 year,34,80004.6
45-49,THREE YEARS COLLEGE,Unknown,0,
45-49,TWO YEARS COLLEGE,1-5 years,826,70970.11
45-49,TWO YEARS COLLEGE,10-20 years,2501,96618.1
45-49,TWO YEARS COLLEGE,20-30 years,1850,117673.43
45-49,TWO YEARS COLLEGE,30+ years,14,152008.33
45-49,TWO YEARS COLLEGE,5-10 years,1001,81748.96
45-49,TWO YEARS COLLEGE,< 1 year,72,58655.59
45-49,TWO YEARS COLLEGE,Unknown,0,
50-54,ASSOCIATE DEGREE,1-5 years,3786,79143.59
50-54,ASSOCIATE DEGREE,10-20 years,6361,97610.85
50-54,ASSOCIATE DEGREE,20-30 years,3970,114824.3
50-54,ASSOCIATE DEGREE,30+ years,767,129436.55
50-54,ASSOCIATE DEGREE,5-10 years,4438,86475.09
50-54,ASSOCIATE DEGREE,< 1 year,406,70875.44
50-54,ASSOCIATE DEGREE,Unknown,0,
50-54,BACHELOR'S DEGREE,1-5 years,10016,102337.82
50-54,BACHELOR'S DEGREE,10-20 years,23583,124126.92
50-54,BACHELOR'S DEGREE,20-30 years,22099,136360.67
50-54,BACHELOR'S DEGREE,30+ years,3202,153392.27
50-54,BACHELOR'S DEGREE,5-10 years,11960,110269.73
50-54,BACHELOR'S DEGREE,< 1 year,992,98449.08
50-54,BACHELOR'S DEGREE,Unknown,0,
50-54,DOCTORATE DEGREE,1-5 years,1835,147338.69
50-54,DOCTORATE DEGREE,10-20 years,4430,171291.83
50-54,DOCTORATE DEGREE,20-30 years,2182,182341.27
50-54,DOCTORATE DEGREE,30+ years,51,177594.93
50-54,DOCTORATE DEGREE,5-10 years,1995,158073.82
50-54,DOCTORATE DEGREE,< 1 year,224,147291.89
50-54,DOCTORATE DEGREE,Unknown,0,
50-54,ELEMENTARY SCHOOL COMPLETED - NO HIGH SCHOOL,1-5 years,21,47903.63
50-54,ELEMENTARY SCHOOL COMPLETED - NO HIGH SCHOOL,10-20 years,0,
50-54,ELEMENTARY SCHOOL COMPLETED - NO HIGH SCHOOL,20-30 years,4,63164.33
50-54,ELEMENTARY SCHOOL COMPLETED - NO HIGH SCHOOL,30+ years,4,78715.0
50-54,ELEMENTARY SCHOOL COMPLETED - NO HIGH SCHOOL,5-10 years,6,75594.2
50-54,ELEMENTARY SCHOOL COMPLETED - NO HIGH SCHOOL,< 1 year,7,41419.67
50-54,ELEMENTARY SCHOOL COMPLETED - NO HIGH SCHOOL,Unknown,0,
50-54,FIRST PROFESSIONAL,1-5 years,1429,249936.49
50-54,FIRST PROFESSIONAL,10-20 years,4631,250715.71
50-54,FIRST PROFESSIONAL,20-30 years,2562,221850.36
50-54,FIRST PROFESSIONAL,30+ years,36,210810.83
50-54,FIRST PROFESSIONAL,5-10 years,1718,260571.9
50-54,FIRST PROFESSIONAL,< 1 year,335,258630.55
50-54,FIRST PROFESSIONAL,Unknown,0,
50-54,FOUR YEARS COLLEGE,1-5 years,348,85588.19
50-54,FOUR YEARS COLLEGE,10-20 years,1009,111987.82
50-54,FOUR YEARS COLLEGE,20-30 years,812,120404.87
50-54,FOUR YEARS COLLEGE,30+ years,129,145370.96
50-54,FOUR YEARS COLLEGE,5-10 years,466,96299.08
50-54,FOUR YEARS COLLEGE,< 1 year,27,69458.0
50-54,FOUR YEARS COLLEGE,Unknown,0,
50-54,HIGH SCHOOL GRADUATE OR CERTIFICATE OF EQUIVALENCY,1-5 years,13823,72849.09
50-54,HIGH SCHOOL GRADUATE OR CERTIFICATE OF EQUIVALENCY,10-20 years,19140,102779.07
50-54,HIGH SCHOOL GRADUATE OR CERTIFICATE OF EQUIVALENCY,20-30 years,15474,110887.8
50-54,HIGH SCHOOL GRADUATE OR CERTIFICATE OF EQUIVALENCY,30+ years,3385,124313.3
50-54,HIGH SCHOOL GRADUATE OR CERTIFICATE OF EQUIVALENCY,5-10 years,12636,84679.27
50-54,HIGH SCHOOL GRADUATE OR CERTIFICATE OF EQUIVALENCY,< 1 year,1778,61634.38
50-54,HIGH SCHOOL GRADUATE OR CERTIFICATE OF EQUIVALENCY,Unknown,0,
50-54,INVALID,1-5 years,28,137116.07
50-54,INVALID,10-20 years,81,144538.6
50-54,INVALID,20-30 years,37,147864.5
50-54,INVALID,30+ years,13,136220.91
50-54,INVALID,5-10 years,67,136337.7
50-54,INVALID,< 1 year,11,163933.67
50-54,INVALID,Unknown,0,
50-54,MASTER'S DEGREE,1-5 years,8684,120338.62
50-54,MASTER'S DEGREE,10-20 years,19668,142259.87
50-54,MASTER'S DEGREE,20-30 years,12663,154580.66
50-54,MASTER'S DEGREE,30+ years,1235,166939.63
50-54,MASTER'S DEGREE,5-10 years,10035,129577.74
50-54,MASTER'S DEGREE,< 1 year,886,122294.75
50-54,MASTER'S DEGREE,Unknown,0,
50-54,NO DATA REPORTED,1-5 years,31,71250.0
50-54,NO DATA REPORTED,10-20 years,6,93462.67
50-54,NO DATA REPORTED,20-30 years,6,172102.0
50-54,NO DATA REPORTED,30+ years,1,
50-54,NO DATA REPORTED,5-10 years,6,60467.67
50-54,NO DATA REPORTED,< 1 year,14,68999.56
50-54,NO DATA REPORTED,Unknown,0,
50-54,NO FORMAL EDUCATION OR SOME ELEMENTARY SCHOOL - DID NOT COMPLETE,1-5 years,453,71046.85
50-54,NO FORMAL EDUCATION OR SOME ELEMENTARY SCHOOL - DID NOT COMPLETE,10-20 years,1738,79587.93
50-54,NO FORMAL EDUCATION OR SOME ELEMENTARY SCHOOL - DID NOT COMPLETE,20-30 years,606,91478.39
50-54,NO FORMAL EDUCATION OR SOME ELEMENTARY SCHOOL - DID NOT COMPLETE,30+ years,80,101827.76
50-54,NO FORMAL EDUCATION OR SOME ELEMENTARY SCHOOL - DID NOT COMPLETE,5-10 years,773,79415.77
50-54,NO FORMAL EDUCATION OR SOME ELEMENTARY SCHOOL - DID NOT COMPLETE,< 1 year,43,72432.07
50-54,NO FORMAL EDUCATION OR SOME ELEMENTARY SCHOOL - DID NOT COMPLETE,Unknown,0,
50-54,ONE YEAR COLLEGE,1-5 years,819,64156.9
50-54,ONE YEAR COLLEGE,10-20 years,2049,93328.91
50-54,ONE YEAR COLLEGE,20-30 years,1767,108837.37
50-54,ONE YEAR COLLEGE,30+ years,559,131372.28
50-54,ONE YEAR COLLEGE,5-10 years,822,78359.61
50-54,ONE YEAR COLLEGE,< 1 year,101,55973.69
50-54,ONE YEAR COLLEGE,Unknown,0,
50-54,POST-BACHELOR'S,1-5 years,246,113132.52
50-54,POST-BACHELOR'S,10-20 years,1013,139563.63
50-54,POST-BACHELOR'S,20-30 years,1156,147384.64
50-54,POST-BACHELOR'S,30+ years,116,163328.85
50-54,POST-BACHELOR'S,5-10 years,374,126774.02
50-54,POST-BACHELOR'S,< 1 year,18,83125.4
50-54,POST-BACHELOR'S,Unknown,0,
50-54,POST-DOCTORATE,1-5 years,140,149685.71
50-54,POST-DOCTORATE,10-20 years,695,180928.16
50-54,POST-DOCTORATE,20-30 years,146,188060.82
50-54,POST-DOCTORATE,30+ years,0,
50-54,POST-DOCTORATE,5-10 years,252,160879.66
50-54,POST-DOCTORATE,< 1 year,11,159257.12
50-54,POST-DOCTORATE,Unknown,0,
50-54,POST-FIRST PROFESSIONAL,1-5 years,37,146186.2
50-54,POST-FIRST PROFESSIONAL,10-20 years,160,191801.69
50-54,POST-FIRST PROFESSIONAL,20-30 years,130,178955.96
50-54,POST-FIRST PROFESSIONAL,30+ years,7,184758.0
50-54,POST-FIRST PROFESSIONAL,5-10 years,41,176706.37
50-54,POST-FIRST PROFESSIONAL,< 1 year,1,180484.0
50-54,POST-FIRST PROFESSIONAL,Unknown,0,
50-54,POST-MASTER'S,1-5 years,198,128549.98
50-54,POST-MASTER'S,10-20 years,699,154078.12
50-54,POST-MASTER'S,20-30 years,522,170470.68
50-54,POST-MASTER'S,30+ years,34,177552.75
50-54,POST-MASTER'S,5-10 years,281,148968.94
50-54,POST-MASTER'S,< 1 year,17,134515.5
50-54,POST-MASTER'S,Unknown,0,
50-54,POST-SIXTH YEAR,1-5 years,14,150645.4
50-54,POST-SIXTH YEAR,10-20 years,37,162801.55
50-54,POST-SIXTH YEAR,20-30 years,27,150891.81
50-54,POST-SIXTH YEAR,30+ years,0,
50-54,POST-SIXTH YEAR,5-10 years,12,136124.25
50-54,POST-SIXTH YEAR,< 1 year,0,
50-54,POST-SIXTH YEAR,Unknown,0,
50-54,SIXTH-YEAR DEGREE,1-5 years,31,114233.78
50-54,SIXTH-YEAR DEGREE,10-20 years,89,169314.83
50-54,SIXTH-YEAR DEGREE,20-30 years,51,165623.14
50-54,SIXTH-YEAR DEGREE,30+ years,1,150215.0
50-54,SIXTH-YEAR DEGREE,5-10 years,34,152138.4
50-54,SIXTH-YEAR DEGREE,< 1 year,7,52551.0
50-54,SIXTH-YEAR DEGREE,Unknown,0,
50-54,SOME COLLEGE - LESS THAN ONE YEAR,1-5 years,967,67704.35
50-54,SOME COLLEGE - LESS THAN ONE YEAR,10-20 years,2922,93863.13
50-54,SOME COLLEGE - LESS THAN ONE YEAR,20-30 years,2930,108136.72
50-54,SOME COLLEGE - LESS THAN ONE YEAR,30+ years,898,131425.45
50-54,SOME COLLEGE - LESS THAN ONE YEAR,5-10 years,1211,77893.39
50-54,SOME COLLEGE - LESS THAN ONE YEAR,< 1 year,108,63996.47
50-54,SOME COLLEGE - LESS THAN ONE YEAR,Unknown,0,
50-54,SOME HIGH SCHOOL - DID NOT COMPLETE,1-5 years,259,63729.24
50-54,SOME HIGH SCHOOL - DID NOT COMPLETE,10-20 years,174,67355.85
50-54,SOME HIGH SCHOOL - DID NOT COMPLETE,20-30 years,168,87248.68
50-54,SOME HIGH SCHOOL - DID NOT COMPLETE,30+ years,264,121654.36
50-54,SOME HIGH SCHOOL - DID NOT COMPLETE,5-10 years,157,69897.92
50-54,SOME HIGH SCHOOL - DID NOT COMPLETE,< 1 year,46,49309.19
50-54,SOME HIGH SCHOOL - DID NOT COMPLETE,Unknown,0,
50-54,"TERMINAL OCCUPATIONAL PROGRAM - CERTIFICATE OF COMPLETION, DIPLOMA OR EQUIVALENT",1-5 years,918,66546.82
50-54,"TERMINAL OCCUPATIONAL PROGRAM - CERTIFICATE OF COMPLETION, DIPLOMA OR EQUIVALENT",10-20 years,1019,88032.42
50-54,"TERMINAL OCCUPATIONAL PROGRAM - CERTIFICATE OF COMPLETION, DIPLOMA OR EQUIVALENT",20-30 years,742,94863.53
50-54,"TERMINAL OCCUPATIONAL PROGRAM - CERTIFICATE OF COMPLETION, DIPLOMA OR EQUIVALENT",30+ years,207,111593.38
50-54,"TERMINAL OCCUPATIONAL PROGRAM - CERTIFICATE OF COMPLETION, DIPLOMA OR EQUIVALENT",5-10 years,1282,71016.76
50-54,"TERMINAL OCCUPATIONAL PROGRAM - CERTIFICATE OF COMPLETION, DIPLOMA OR EQUIVALENT",< 1 year,104,66026.53
50-54,"TERMINAL OCCUPATIONAL PROGRAM - CERTIFICATE OF COMPLETION, DIPLOMA OR EQUIVALENT",Unknown,0,
50-54,TERMINAL OCCUPATIONAL PROGRAM - DID NOT COMPLETE,1-5 years,62,74484.48
50-54,TERMINAL OCCUPATIONAL PROGRAM - DID NOT COMPLETE,10-20 years,377,81519.98
50-54,TERMINAL OCCUPATIONAL PROGRAM - DID NOT COMPLETE,20-30 years,396,93528.43
50-54,TERMINAL OCCUPATIONAL PROGRAM - DID NOT COMPLETE,30+ years,125,107375.84
50-54,TERMINAL OCCUPATIONAL PROGRAM - DID NOT COMPLETE,5-10 years,143,69654.81
50-54,TERMINAL OCCUPATIONAL PROGRAM - DID NOT COMPLETE,< 1 year,7,61122.0
50-54,TERMINAL OCCUPATIONAL PROGRAM - DID NOT COMPLETE,Unknown,0,
50-54,THREE YEARS COLLEGE,1-5 years,264,71419.48
50-54,THREE YEARS COLLEGE,10-20 years,861,109240.43
50-54,THREE YEARS COLLEGE,20-30 years,857,119487.23
50-54,THREE YEARS COLLEGE,30+ years,183,144060.22
50-54,THREE YEARS COLLEGE,5-10 years,351,91894.72
50-54,THREE YEARS COLLEGE,< 1 year,25,75491.92
50-54,THREE YEARS COLLEGE,Unknown,0,
50-54,TWO YEARS COLLEGE,1-5 years,625,70141.11
50-54,TWO YEARS COLLEGE,10-20 years,2269,95425.76
50-54,TWO YEARS COLLEGE,20-30 years,1933,113085.03
50-54,TWO YEARS COLLEGE,30+ years,462,138458.18
50-54,TWO YEARS COLLEGE,5-10 years,907,82507.27
50-54,TWO YEARS COLLEGE,< 1 year,73,61328.78
50-54,TWO YEARS COLLEGE,Unknown,0,
55-59,ASSOCIATE DEGREE,1-5 years,2883,77930.2
55-59,ASSOCIATE DEGREE,10-20 years,7395,99923.79
55-59,ASSOCIATE DEGREE,20-30 years,3708,108061.92
55-59,ASSOCIATE DEGREE,30+ years,2044,124659.62
55-59,ASSOCIATE DEGREE,5-10 years,3678,86035.54
55-59,ASSOCIATE DEGREE,< 1 year,315,74290.09
55-59,ASSOCIATE DEGREE,Unknown,0,
55-59,BACHELOR'S DEGREE,1-5 years,7097,102481.34
55-59,BACHELOR'S DEGREE,10-20 years,22054,124616.99
55-59,BACHELOR'S DEGREE,20-30 years,15069,136561.89
55-59,BACHELOR'S DEGREE,30+ years,11651,158409.64
55-59,BACHELOR'S DEGREE,5-10 years,9625,109953.31
55-59,BACHELOR'S DEGREE,< 1 year,679,98894.83
55-59,BACHELOR'S DEGREE,Unknown,0,
55-59,DOCTORATE DEGREE,1-5 years,1374,144518.34
55-59,DOCTORATE DEGREE,10-20 years,3430,171669.63
55-59,DOCTORATE DEGREE,20-30 years,2553,185028.3
55-59,DOCTORATE DEGREE,30+ years,424,188482.97
55-59,DOCTORATE DEGREE,5-10 years,1566,161282.03
55-59,DOCTORATE DEGREE,< 1 year,160,147982.88
55-59,DOCTORATE DEGREE,Unknown,0,
55-59,ELEMENTARY SCHOOL COMPLETED - NO HIGH SCHOOL,1-5 years,32,48040.04
55-59,ELEMENTARY SCHOOL COMPLETED - NO HIGH SCHOOL,10-20 years,7,50556.75
55-59,ELEMENTARY SCHOOL COMPLETED - NO HIGH SCHOOL,20-30 years,3,115163.67
55-59,ELEMENTARY SCHOOL COMPLETED - NO HIGH SCHOOL,30+ years,6,105237.6
55-59,ELEMENTARY SCHOOL COMPLETED - NO HIGH SCHOOL,5-10 years,11,47362.11
55-59,ELEMENTARY SCHOOL COMPLETED - NO HIGH SCHOOL,< 1 year,5,41047.0
55-59,ELEMENTARY SCHOOL COMPLETED - NO HIGH SCHOOL,Unknown,0,
55-59,FIRST PROFESSIONAL,1-5 years,1264,256633.01
55-59,FIRST PROFESSIONAL,10-20 years,3255,256483.1
55-59,FIRST PROFESSIONAL,20-30 years,2965,244184.92
55-59,FIRST PROFESSIONAL,30+ years,549,204250.73
55-59,FIRST PROFESSIONAL,5-10 years,1400,259865.48
55-59,FIRST PROFESSIONAL,< 1 year,280,277954.16
55-59,FIRST PROFESSIONAL,Unknown,0,
55-59,FOUR YEARS COLLEGE,1-5 years,251,91753.93
55-59,FOUR YEARS COLLEGE,10-20 years,971,112685.32
55-59,FOUR YEARS COLLEGE,20-30 years,586,124223.95
55-59,FOUR YEARS COLLEGE,30+ years,407,145959.37
55-59,FOUR YEARS COLLEGE,5-10 years,355,98789.41
55-59,FOUR YEARS COLLEGE,< 1 year,25,70617.6
55-59,FOUR YEARS COLLEGE,Unknown,0,
55-59,HIGH SCHOOL GRADUATE OR CERTIFICATE OF EQUIVALENCY,1-5 years,11797,70642.83
55-59,HIGH SCHOOL GRADUATE OR CERTIFICATE OF EQUIVALENCY,10-20 years,20558,99700.29
55-59,HIGH SCHOOL GRADUATE OR CERTIFICATE OF EQUIVALENCY,20-30 years,14117,106402.7
55-59,HIGH SCHOOL GRADUATE OR CERTIFICATE OF EQUIVALENCY,30+ years,8527,120512.19
55-59,HIGH SCHOOL GRADUATE OR CERTIFICATE OF EQUIVALENCY,5-10 years,11595,81061.7
55-59,HIGH SCHOOL GRADUATE OR CERTIFICATE OF EQUIVALENCY,< 1 year,1479,59322.46
55-59,HIGH SCHOOL GRADUATE OR CERTIFICATE OF EQUIVALENCY,Unknown,0,
55-59,INVALID,1-5 years,30,112704.47
55-59,INVALID,10-20 years,72,134664.67
55-59,INVALID,20-30 years,51,148720.24
55-59,INVALID,30+ years,48,168764.56
55-59,INVALID,5-10 years,61,141300.36
55-59,INVALID,< 1 year,11,172557.33
55-59,INVALID,Unknown,0,
55-59,MASTER'S DEGREE,1-5 years,6390,119793.58
55-59,MASTER'S DEGREE,10-20 years,20093,141625.65
55-59,MASTER'S DEGREE,20-30 years,10105,155134.83
55-59,MASTER'S DEGREE,30+ years,4766,168613.45
55-59,MASTER'S DEGREE,5-10 years,8446,130273.25
55-59,MASTER'S DEGREE,< 1 year,625,121706.73
55-59,MASTER'S DEGREE,Unknown,0,
55-59,NO DATA REPORTED,1-5 years,38,85928.3
55-59,NO DATA REPORTED,10-20 years,2,58244.0
55-59,NO DATA REPORTED,20-30 years,4,
55-59,NO DATA REPORTED,30+ years,5,156755.0
55-59,NO DATA REPORTED,5-10 years,16,94477.71
55-59,NO DATA REPORTED,< 1 year,18,53165.6
55-59,NO DATA REPORTED,Unknown,0,
55-59,NO FORMAL EDUCATION OR SOME ELEMENTARY SCHOOL - DID NOT COMPLETE,1-5 years,415,69499.48
55-59,NO FORMAL EDUCATION OR SOME ELEMENTARY SCHOOL - DID NOT COMPLETE,10-20 years,1938,79960.53
55-59,NO FORMAL EDUCATION OR SOME ELEMENTARY SCHOOL - DID NOT COMPLETE,20-30 years,672,85673.38
55-59,NO FORMAL EDUCATION OR SOME ELEMENTARY SCHOOL - DID NOT COMPLETE,30+ years,159,101401.48
55-59,NO FORMAL EDUCATION OR SOME ELEMENTARY SCHOOL - DID NOT COMPLETE,5-10 years,756,76293.52
55-59,NO FORMAL EDUCATION OR SOME ELEMENTARY SCHOOL - DID NOT COMPLETE,< 1 year,35,60765.29
55-59,NO FORMAL EDUCATION OR SOME ELEMENTARY SCHOOL - DID NOT COMPLETE,Unknown,0,
55-59,ONE YEAR COLLEGE,1-5 years,647,64398.03
55-59,ONE YEAR COLLEGE,10-20 years,1989,92023.54
55-59,ONE YEAR COLLEGE,20-30 years,1540,103055.12
55-59,ONE YEAR COLLEGE,30+ years,1438,126034.93
55-59,ONE YEAR COLLEGE,5-10 years,658,74155.6
55-59,ONE YEAR COLLEGE,< 1 year,66,56431.61
55-59,ONE YEAR COLLEGE,Unknown,0,
55-59,POST-BACHELOR'S,1-5 years,173,108191.06
55-59,POST-BACHELOR'S,10-20 years,957,142465.17
55-59,POST-BACHELOR'S,20-30 years,912,151034.79
55-59,POST-BACHELOR'S,30+ years,581,167985.34
55-59,POST-BACHELOR'S,5-10 years,283,128040.22
55-59,POST-BACHELOR'S,< 1 year,19,136405.5
55-59,POST-BACHELOR'S,Unknown,0,
55-59,POST-DOCTORATE,1-5 years,98,133797.82
55-59,POST-DOCTORATE,10-20 years,523,183039.03
55-59,POST-DOCTORATE,20-30 years,289,186567.24
55-59,POST-DOCTORATE,30+ years,11,191702.4
55-59,POST-DOCTORATE,5-10 years,171,173027.57
55-59,POST-DOCTORATE,< 1 year,7,170268.5
55-59,POST-DOCTORATE,Unknown,0,
55-59,POST-FIRST PROFESSIONAL,1-5 years,32,137870.12
55-59,POST-FIRST PROFESSIONAL,10-20 years,90,186446.29
55-59,POST-FIRST PROFESSIONAL,20-30 years,100,169308.28
55-59,POST-FIRST PROFESSIONAL,30+ years,19,172746.18
55-59,POST-FIRST PROFESSIONAL,5-10 years,29,198008.28
55-59,POST-FIRST PROFESSIONAL,< 1 year,5,231482.5
55-59,POST-FIRST PROFESSIONAL,Unknown,0,
55-59,POST-MASTER'S,1-5 years,143,128294.7
55-59,POST-MASTER'S,10-20 years,685,158112.96
55-59,POST-MASTER'S,20-30 years,531,169140.67
55-59,POST-MASTER'S,30+ years,146,180795.83
55-59,POST-MASTER'S,5-10 years,240,143911.52
55-59,POST-MASTER'S,< 1 year,18,106461.75
55-59,POST-MASTER'S,Unknown,0,
55-59,POST-SIXTH YEAR,1-5 years,10,135559.5
55-59,POST-SIXTH YEAR,10-20 years,34,158309.59
55-59,POST-SIXTH YEAR,20-30 years,30,180123.87
55-59,POST-SIXTH YEAR,30+ years,2,191755.0
55-59,POST-SIXTH YEAR,5-10 years,10,160759.0
55-59,POST-SIXTH YEAR,< 1 year,0,
55-59,POST-SIXTH YEAR,Unknown,0,
55-59,SIXTH-YEAR DEGREE,1-5 years,22,145329.2
55-59,SIXTH-YEAR DEGREE,10-20 years,83,165057.03
55-59,SIXTH-YEAR DEGREE,20-30 years,52,167753.46
55-59,SIXTH-YEAR DEGREE,30+ years,12,181514.12
55-59,SIXTH-YEAR DEGREE,5-10 years,25,140562.22
55-59,SIXTH-YEAR DEGREE,< 1 year,3,
55-59,SIXTH-YEAR DEGREE,Unknown,0,
55-59,SOME COLLEGE - LESS THAN ONE YEAR,1-5 years,845,66476.6
55-59,SOME COLLEGE - LESS THAN ONE YEAR,10-20 years,2927,92530.82
55-59,SOME COLLEGE - LESS THAN ONE YEAR,20-30 years,2291,102601.74
55-59,SOME COLLEGE - LESS THAN ONE YEAR,30+ years,2327,126515.31
55-59,SOME COLLEGE - LESS THAN ONE YEAR,5-10 years,1072,75051.3
55-59,SOME COLLEGE - LESS THAN ONE YEAR,< 1 year,80,63323.92
55-59,SOME COLLEGE - LESS THAN ONE YEAR,Unknown,0,
55-59,SOME HIGH SCHOOL - DID NOT COMPLETE,1-5 years,232,61313.4
55-59,SOME HIGH SCHOOL - DID NOT COMPLETE,10-20 years,202,70715.08
55-59,SOME HIGH SCHOOL - DID NOT COMPLETE,20-30 years,223,76327.52
55-59,SOME HIGH SCHOOL - DID NOT COMPLETE,30+ years,243,104489.13
55-59,SOME HIGH SCHOOL - DID NOT COMPLETE,5-10 years,159,63819.85
55-59,SOME HIGH SCHOOL - DID NOT COMPLETE,< 1 year,30,55705.52
55-59,SOME HIGH SCHOOL - DID NOT COMPLETE,Unknown,0,
55-59,"TERMINAL OCCUPATIONAL PROGRAM - CERTIFICATE OF COMPLETION, DIPLOMA OR EQUIVALENT",1-5 years,752,67736.94
55-59,"TERMINAL OCCUPATIONAL PROGRAM - CERTIFICATE OF COMPLETION, DIPLOMA OR EQUIVALENT",10-20 years,1051,87334.87
55-59,"TERMINAL OCCUPATIONAL PROGRAM - CERTIFICATE OF COMPLETION, DIPLOMA OR EQUIVALENT",20-30 years,806,96570.13
55-59,"TERMINAL OCCUPATIONAL PROGRAM - CERTIFICATE OF COMPLETION, DIPLOMA OR EQUIVALENT",30+ years,811,106668.61
55-59,"TERMINAL OCCUPATIONAL PROGRAM - CERTIFICATE OF COMPLETION, DIPLOMA OR EQUIVALENT",5-10 years,1267,69876.35
55-59,"TERMINAL OCCUPATIONAL PROGRAM - CERTIFICATE OF COMPLETION, DIPLOMA OR EQUIVALENT",< 1 year,93,62721.39
55-59,"TERMINAL OCCUPATIONAL PROGRAM - CERTIFICATE OF COMPLETION, DIPLOMA OR EQUIVALENT",Unknown,0,
55-59,TERMINAL OCCUPATIONAL PROGRAM - DID NOT COMPLETE,1-5 years,40,67975.44
55-59,TERMINAL OCCUPATIONAL PROGRAM - DID NOT COMPLETE,10-20 years,478,78298.48
55-59,TERMINAL OCCUPATIONAL PROGRAM - DID NOT COMPLETE,20-30 years,406,88102.45
55-59,TERMINAL OCCUPATIONAL PROGRAM - DID NOT COMPLETE,30+ years,310,102222.96
55-59,TERMINAL OCCUPATIONAL PROGRAM - DID NOT COMPLETE,5-10 years,121,67974.01
55-59,TERMINAL OCCUPATIONAL PROGRAM - DID NOT COMPLETE,< 1 year,3,40332.0
55-59,TERMINAL OCCUPATIONAL PROGRAM - DID NOT COMPLETE,Unknown,0,
55-59,THREE YEARS COLLEGE,1-5 years,192,73672.51
55-59,THREE YEARS COLLEGE,10-20 years,798,106297.25
55-59,THREE YEARS COLLEGE,20-30 years,545,107976.33
55-59,THREE YEARS COLLEGE,30+ years,535,137966.37
55-59,THREE YEARS COLLEGE,5-10 years,272,90921.02
55-59,THREE YEARS COLLEGE,< 1 year,14,55938.38
55-59,THREE YEARS COLLEGE,Unknown,0,
55-59,TWO YEARS COLLEGE,1-5 years,421,67925.76
55-59,TWO YEARS COLLEGE,10-20 years,2279,95355.32
55-59,TWO YEARS COLLEGE,20-30 years,1498,107964.09
55-59,TWO YEARS COLLEGE,30+ years,1289,129183.62
55-59,TWO YEARS COLLEGE,5-10 years,748,80306.27
55-59,TWO YEARS COLLEGE,< 1 year,39,63855.13
55-59,TWO YEARS COLLEGE,Unknown,0,
60-64,ASSOCIATE DEGREE,1-5 years,1659,78791.31
60-64,ASSOCIATE DEGREE,10-20 years,5649,98734.15
60-64,ASSOCIATE DEGREE,20-30 years,2624,107742.03
60-64,ASSOCIATE DEGREE,30+ years,2045,121240.46
60-64,ASSOCIATE DEGREE,5-10 years,2291,85896.81
60-64,ASSOCIATE DEGREE,< 1 year,136,71309.53
60-64,ASSOCIATE DEGREE,Unknown,0,
60-64,BACHELOR'S DEGREE,1-5 years,3822,101088.49
60-64,BACHELOR'S DEGREE,10-20 years,15612,123640.06
60-64,BACHELOR'S DEGREE,20-30 years,8873,137377.67
60-64,BACHELOR'S DEGREE,30+ years,12021,155232.16
60-64,BACHELOR'S DEGREE,5-10 years,5831,107616.94
60-64,BACHELOR'S DEGREE,< 1 year,291,105254.17
60-64,BACHELOR'S DEGREE,Unknown,0,
60-64,DOCTORATE DEGREE,1-5 years,858,146773.01
60-64,DOCTORATE DEGREE,10-20 years,2637,173134.97
60-64,DOCTORATE DEGREE,20-30 years,2018,186136.4
60-64,DOCTORATE DEGREE,30+ years,922,192358.3
60-64,DOCTORATE DEGREE,5-10 years,1034,163672.98
60-64,DOCTORATE DEGREE,< 1 year,85,138622.93
60-64,DOCTORATE DEGREE,Unknown,0,
60-64,ELEMENTARY SCHOOL COMPLETED - NO HIGH SCHOOL,1-5 years,15,54990.83
60-64,ELEMENTARY SCHOOL COMPLETED - NO HIGH SCHOOL,10-20 years,3,67963.67
60-64,ELEMENTARY SCHOOL COMPLETED - NO HIGH SCHOOL,20-30 years,5,61156.5
60-64,ELEMENTARY SCHOOL COMPLETED - NO HIGH SCHOOL,30+ years,3,74828.0
60-64,ELEMENTARY SCHOOL COMPLETED - NO HIGH SCHOOL,5-10 years,8,49291.6
60-64,ELEMENTARY SCHOOL COMPLETED - NO HIGH SCHOOL,< 1 year,3,43674.0
60-64,ELEMENTARY SCHOOL COMPLETED - NO HIGH SCHOOL,Unknown,0,
60-64,FIRST PROFESSIONAL,1-5 years,872,258387.19
60-64,FIRST PROFESSIONAL,10-20 years,2249,263413.12
60-64,FIRST PROFESSIONAL,20-30 years,1925,259375.77
60-64,FIRST PROFESSIONAL,30+ years,1294,222906.82
60-64,FIRST PROFESSIONAL,5-10 years,1092,271346.89
60-64,FIRST PROFESSIONAL,< 1 year,182,294214.68
60-64,FIRST PROFESSIONAL,Unknown,0,
60-64,FOUR YEARS COLLEGE,1-5 years,151,82173.84
60-64,FOUR YEARS COLLEGE,10-20 years,692,117155.21
60-64,FOUR YEARS COLLEGE,20-30 years,347,121628.87
60-64,FOUR YEARS COLLEGE,30+ years,476,132264.83
60-64,FOUR YEARS COLLEGE,5-10 years,231,91767.89
60-64,FOUR YEARS COLLEGE,< 1 year,12,97967.57
60-64,FOUR YEARS COLLEGE,Unknown,0,
60-64,HIGH SCHOOL GRADUATE OR CERTIFICATE OF EQUIVALENCY,1-5 years,7933,65792.04
60-64,HIGH SCHOOL GRADUATE OR CERTIFICATE OF EQUIVALENCY,10-20 years,16345,96557.47
60-64,HIGH SCHOOL GRADUATE OR CERTIFICATE OF EQUIVALENCY,20-30 years,10973,103508.84
60-64,HIGH SCHOOL GRADUATE OR CERTIFICATE OF EQUIVALENCY,30+ years,6962,111213.69
60-64,HIGH SCHOOL GRADUATE OR CERTIFICATE OF EQUIVALENCY,5-10 years,8457,78105.99
60-64,HIGH SCHOOL GRADUATE OR CERTIFICATE OF EQUIVALENCY,< 1 year,911,61935.41
60-64,HIGH SCHOOL GRADUATE OR CERTIFICATE OF EQUIVALENCY,Unknown,1,170985.0
60-64,INVALID,1-5 years,14,124911.2
60-64,INVALID,10-20 years,52,146502.13
60-64,INVALID,20-30 years,36,145781.29
60-64,INVALID,30+ years,39,149586.5
60-64,INVALID,5-10 years,34,142345.67
60-64,INVALID,< 1 year,5,134409.0
60-64,INVALID,Unknown,0,
60-64,MASTER'S DEGREE,1-5 years,3244,118219.1
60-64,MASTER'S DEGREE,10-20 years,15407,144807.14
60-64,MASTER'S DEGREE,20-30 years,6836,156266.67
60-64,MASTER'S DEGREE,30+ years,5959,168143.67
60-64,MASTER'S DEGREE,5-10 years,5049,131329.45
60-64,MASTER'S DEGREE,< 1 year,293,122366.66
60-64,MASTER'S DEGREE,Unknown,0,
60-64,NO DATA REPORTED,1-5 years,44,70185.2
60-64,NO DATA REPORTED,10-20 years,4,62485.0
60-64,NO DATA REPORTED,20-30 years,5,49201.5
60-64,NO DATA REPORTED,30+ years,5,
60-64,NO DATA REPORTED,5-10 years,20,63922.89
60-64,NO DATA REPORTED,< 1 year,23,63062.0
60-64,NO DATA REPORTED,Unknown,0,
60-64,NO FORMAL EDUCATION OR SOME ELEMENTARY SCHOOL - DID NOT COMPLETE,1-5 years,305,65330.74
60-64,NO FORMAL EDUCATION OR SOME ELEMENTARY SCHOOL - DID NOT COMPLETE,10-20 years,1600,79126.51
60-64,NO FORMAL EDUCATION OR SOME ELEMENTARY SCHOOL - DID NOT COMPLETE,20-30 years,568,84688.54
60-64,NO FORMAL EDUCATION OR SOME ELEMENTARY SCHOOL - DID NOT COMPLETE,30+ years,167,97798.74
60-64,NO FORMAL EDUCATION OR SOME ELEMENTARY SCHOOL - DID NOT COMPLETE,5-10 years,552,74612.01
60-64,NO FORMAL EDUCATION OR SOME ELEMENTARY SCHOOL - DID NOT COMPLETE,< 1 year,23,65283.36
60-64,NO FORMAL EDUCATION OR SOME ELEMENTARY SCHOOL - DID NOT COMPLETE,Unknown,0,
60-64,ONE YEAR COLLEGE,1-5 years,400,61709.81
60-64,ONE YEAR COLLEGE,10-20 years,1519,89917.26
60-64,ONE YEAR COLLEGE,20-30 years,1026,99001.32
60-64,ONE YEAR COLLEGE,30+ years,1361,115533.0
60-64,ONE YEAR COLLEGE,5-10 years,423,72254.08
60-64,ONE YEAR COLLEGE,< 1 year,34,50162.25
60-64,ONE YEAR COLLEGE,Unknown,0,
60-64,POST-BACHELOR'S,1-5 years,87,112631.84
60-64,POST-BACHELOR'S,10-20 years,667,143112.81
60-64,POST-BACHELOR'S,20-30 years,538,149943.49
60-64,POST-BACHELOR'S,30+ years,868,163840.13
60-64,POST-BACHELOR'S,5-10 years,194,128041.26
60-64,POST-BACHELOR'S,< 1 year,14,143980.0
60-64,POST-BACHELOR'S,Unknown,0,
60-64,POST-DOCTORATE,1-5 years,76,144160.15
60-64,POST-DOCTORATE,10-20 years,444,184317.77
60-64,POST-DOCTORATE,20-30 years,294,190925.54
60-64,POST-DOCTORATE,30+ years,78,191832.16
60-64,POST-DOCTORATE,5-10 years,121,174548.68
60-64,POST-DOCTORATE,< 1 year,7,156915.86
60-64,POST-DOCTORATE,Unknown,0,
60-64,POST-FIRST PROFESSIONAL,1-5 years,24,167507.86
60-64,POST-FIRST PROFESSIONAL,10-20 years,83,174617.92
60-64,POST-FIRST PROFESSIONAL,20-30 years,52,184516.54
60-64,POST-FIRST PROFESSIONAL,30+ years,47,174002.59
60-64,POST-FIRST PROFESSIONAL,5-10 years,25,167790.67
60-64,POST-FIRST PROFESSIONAL,< 1 year,2,195200.0
60-64,POST-FIRST PROFESSIONAL,Unknown,0,
60-64,POST-MASTER'S,1-5 years,95,126889.83
60-64,POST-MASTER'S,10-20 years,530,167896.77
60-64,POST-MASTER'S,20-30 years,363,174285.01
60-64,POST-MASTER'S,30+ years,258,175522.49
60-64,POST-MASTER'S,5-10 years,162,140070.89
60-64,POST-MASTER'S,< 1 year,8,132657.75
60-64,POST-MASTER'S,Unknown,0,
60-64,POST-SIXTH YEAR,1-5 years,3,163106.0
60-64,POST-SIXTH YEAR,10-20 years,34,155725.4
60-64,POST-SIXTH YEAR,20-30 years,27,181407.0
60-64,POST-SIXTH YEAR,30+ years,16,190348.18
60-64,POST-SIXTH YEAR,5-10 years,8,147239.57
60-64,POST-SIXTH YEAR,< 1 year,0,
60-64,POST-SIXTH YEAR,Unknown,0,
60-64,SIXTH-YEAR DEGREE,1-5 years,20,100124.8
60-64,SIXTH-YEAR DEGREE,10-20 years,53,177326.9
60-64,SIXTH-YEAR DEGREE,20-30 years,26,161514.64
60-64,SIXTH-YEAR DEGREE,30+ years,26,172110.07
60-64,SIXTH-YEAR DEGREE,5-10 years,12,145790.5
60-64,SIXTH-YEAR DEGREE,< 1 year,5,52175.0
60-64,SIXTH-YEAR DEGREE,Unknown,0,
60-64,SOME COLLEGE - LESS THAN ONE YEAR,1-5 years,526,67159.21
60-64,SOME COLLEGE - LESS THAN ONE YEAR,10-20 years,2308,90435.11
60-64,SOME COLLEGE - LESS THAN ONE YEAR,20-30 years,1503,98648.99
60-64,SOME COLLEGE - LESS THAN ONE YEAR,30+ years,1852,116642.54
60-64,SOME COLLEGE - LESS THAN ONE YEAR,5-10 years,771,73852.16
60-64,SOME COLLEGE - LESS THAN ONE YEAR,< 1 year,41,60239.43
60-64,SOME COLLEGE - LESS THAN ONE YEAR,Unknown,0,
60-64,SOME HIGH SCHOOL - DID NOT COMPLETE,1-5 years,159,57836.72
60-64,SOME HIGH SCHOOL - DID NOT COMPLETE,10-20 years,195,70420.98
60-64,SOME HIGH SCHOOL - DID NOT COMPLETE,20-30 years,171,72472.87
60-64,SOME HIGH SCHOOL - DID NOT COMPLETE,30+ years,159,88832.8
60-64,SOME HIGH SCHOOL - DID NOT COMPLETE,5-10 years,129,63295.56
60-64,SOME HIGH SCHOOL - DID NOT COMPLETE,< 1 year,23,43780.24
60-64,SOME HIGH SCHOOL - DID NOT COMPLETE,Unknown,0,
60-64,"TERMINAL OCCUPATIONAL PROGRAM - CERTIFICATE OF COMPLETION, DIPLOMA OR EQUIVALENT",1-5 years,450,67439.52
60-64,"TERMINAL OCCUPATIONAL PROGRAM - CERTIFICATE OF COMPLETION, DIPLOMA OR EQUIVALENT",10-20 years,777,89898.15
60-64,"TERMINAL OCCUPATIONAL PROGRAM - CERTIFICATE OF COMPLETION, DIPLOMA OR EQUIVALENT",20-30 years,585,94346.54
60-64,"TERMINAL OCCUPATIONAL PROGRAM - CERTIFICATE OF COMPLETION, DIPLOMA OR EQUIVALENT",30+ years,879,98903.89
60-64,"TERMINAL OCCUPATIONAL PROGRAM - CERTIFICATE OF COMPLETION, DIPLOMA OR EQUIVALENT",5-10 years,853,70174.9
60-64,"TERMINAL OCCUPATIONAL PROGRAM - CERTIFICATE OF COMPLETION, DIPLOMA OR EQUIVALENT",< 1 year,41,67695.28
60-64,"TERMINAL OCCUPATIONAL PROGRAM - CERTIFICATE OF COMPLETION, DIPLOMA OR EQUIVALENT",Unknown,0,
60-64,TERMINAL OCCUPATIONAL PROGRAM - DID NOT COMPLETE,1-5 years,23,76739.37
60-64,TERMINAL OCCUPATIONAL PROGRAM - DID NOT COMPLETE,10-20 years,395,75037.88
60-64,TERMINAL OCCUPATIONAL PROGRAM - DID NOT COMPLETE,20-30 years,274,80737.18
60-64,TERMINAL OCCUPATIONAL PROGRAM - DID NOT COMPLETE,30+ years,329,93370.59
60-64,TERMINAL OCCUPATIONAL PROGRAM - DID NOT COMPLETE,5-10 years,119,68932.81
60-64,TERMINAL OCCUPATIONAL PROGRAM - DID NOT COMPLETE,< 1 year,1,
60-64,TERMINAL OCCUPATIONAL PROGRAM - DID NOT COMPLETE,Unknown,0,
60-64,THREE YEARS COLLEGE,1-5 years,125,86411.54
60-64,THREE YEARS COLLEGE,10-20 years,561,104874.51
60-64,THREE YEARS COLLEGE,20-30 years,389,112108.22
60-64,THREE YEARS COLLEGE,30+ years,550,125685.71
60-64,THREE YEARS COLLEGE,5-10 years,158,90136.18
60-64,THREE YEARS COLLEGE,< 1 year,14,64072.89
60-64,THREE YEARS COLLEGE,Unknown,0,
60-64,TWO YEARS COLLEGE,1-5 years,269,71651.12
60-64,TWO YEARS COLLEGE,10-20 years,1678,94590.16
60-64,TWO YEARS COLLEGE,20-30 years,1078,107887.81
60-64,TWO YEARS COLLEGE,30+ years,1273,120072.57
60-64,TWO YEARS COLLEGE,5-10 years,419,78718.6
60-64,TWO YEARS COLLEGE,< 1 year,30,65268.06
60-64,TWO YEARS COLLEGE,Unknown,0,
65 OR MORE,ASSOCIATE DEGREE,1-5 years,586,71499.72
65 OR MORE,ASSOCIATE DEGREE,10-20 years,2448,96435.83
65 OR MORE,ASSOCIATE DEGREE,20-30 years,1448,104661.41
65 OR MORE,ASSOCIATE DEGREE,30+ years,1443,112178.89
65 OR MORE,ASSOCIATE DEGREE,5-10 years,982,80279.35
65 OR MORE,ASSOCIATE DEGREE,< 1 year,72,67329.38
65 OR MORE,ASSOCIATE DEGREE,Unknown,0,
65 OR MORE,BACHELOR'S DEGREE,1-5 years,1606,94700.84
65 OR MORE,BACHELOR'S DEGREE,10-20 years,7459,120154.4
65 OR MORE,BACHELOR'S DEGREE,20-30 years,4567,132790.77
65 OR MORE,BACHELOR'S DEGREE,30+ years,6621,144623.81
65 OR MORE,BACHELOR'S DEGREE,5-10 years,2602,100359.39
65 OR MORE,BACHELOR'S DEGREE,< 1 year,147,100744.82
65 OR MORE,BACHELOR'S DEGREE,Unknown,0,
65 OR MORE,DOCTORATE DEGREE,1-5 years,617,129516.41
65 OR MORE,DOCTORATE DEGREE,10-20 years,2132,172563.84
65 OR MORE,DOCTORATE DEGREE,20-30 years,1817,183051.99
65 OR MORE,DOCTORATE DEGREE,30+ years,1660,196499.96
65 OR MORE,DOCTORATE DEGREE,5-10 years,781,166460.7
65 OR MORE,DOCTORATE DEGREE,< 1 year,77,141984.13
65 OR MORE,DOCTORATE DEGREE,Unknown,0,
65 OR MORE,ELEMENTARY SCHOOL COMPLETED - NO HIGH SCHOOL,1-5 years,16,49095.85
65 OR MORE,ELEMENTARY SCHOOL COMPLETED - NO HIGH SCHOOL,10-20 years,7,74106.8
65 OR MORE,ELEMENTARY SCHOOL COMPLETED - NO HIGH SCHOOL,20-30 years,6,51934.4
65 OR MORE,ELEMENTARY SCHOOL COMPLETED - NO HIGH SCHOOL,30+ years,9,68414.0
65 OR MORE,ELEMENTARY SCHOOL COMPLETED - NO HIGH SCHOOL,5-10 years,9,47936.12
65 OR MORE,ELEMENTARY SCHOOL COMPLETED - NO HIGH SCHOOL,< 1 year,2,
65 OR MORE,ELEMENTARY SCHOOL COMPLETED - NO HIGH SCHOOL,Unknown,0,
65 OR MORE,FIRST PROFESSIONAL,1-5 years,842,270205.84
65 OR MORE,FIRST PROFESSIONAL,10-20 years,2097,270473.46
65 OR MORE,FIRST PROFESSIONAL,20-30 years,1373,262686.99
65 OR MORE,FIRST PROFESSIONAL,30+ years,1970,255576.88
65 OR MORE,FIRST PROFESSIONAL,5-10 years,1023,281228.57
65 OR MORE,FIRST PROFESSIONAL,< 1 year,158,286797.25
65 OR MORE,FIRST PROFESSIONAL,Unknown,0,
65 OR MORE,FOUR YEARS COLLEGE,1-5 years,68,72815.5
65 OR MORE,FOUR YEARS COLLEGE,10-20 years,403,107565.81
65 OR MORE,FOUR YEARS COLLEGE,20-30 years,240,110050.7
65 OR MORE,FOUR YEARS COLLEGE,30+ years,349,126863.33
65 OR MORE,FOUR YEARS COLLEGE,5-10 years,118,88244.17
65 OR MORE,FOUR YEARS COLLEGE,< 1 year,8,112698.5
65 OR MORE,FOUR YEARS COLLEGE,Unknown,0,
65 OR MORE,HIGH SCHOOL GRADUATE OR CERTIFICATE OF EQUIVALENCY,1-5 years,5155,60405.77
65 OR MORE,HIGH SCHOOL GRADUATE OR CERTIFICATE OF EQUIVALENCY,10-20 years,8685,90283.0
65 OR MORE,HIGH SCHOOL GRADUATE OR CERTIFICATE OF EQUIVALENCY,20-30 years,6508,99127.53
65 OR MORE,HIGH SCHOOL GRADUATE OR CERTIFICATE OF EQUIVALENCY,30+ years,5476,101167.54
65 OR MORE,HIGH SCHOOL GRADUATE OR CERTIFICATE OF EQUIVALENCY,5-10 years,5214,73150.75
65 OR MORE,HIGH SCHOOL GRADUATE OR CERTIFICATE OF EQUIVALENCY,< 1 year,1091,50533.35
65 OR MORE,HIGH SCHOOL GRADUATE OR CERTIFICATE OF EQUIVALENCY,Unknown,0,
65 OR MORE,INVALID,1-5 years,8,121363.67
65 OR MORE,INVALID,10-20 years,25,132515.47
65 OR MORE,INVALID,20-30 years,16,141761.29
65 OR MORE,INVALID,30+ years,20,131392.06
65 OR MORE,INVALID,5-10 years,11,138611.2
65 OR MORE,INVALID,< 1 year,0,
65 OR MORE,INVALID,Unknown,0,
65 OR MORE,MASTER'S DEGREE,1-5 years,1425,112386.51
65 OR MORE,MASTER'S DEGREE,10-20 years,7817,140830.83
65 OR MORE,MASTER'S DEGREE,20-30 years,4185,155845.39
65 OR MORE,MASTER'S DEGREE,30+ years,4083,164996.1
65 OR MORE,MASTER'S DEGREE,5-10 years,2295,124650.17
65 OR MORE,MASTER'S DEGREE,< 1 year,143,134691.92
65 OR MORE,MASTER'S DEGREE,Unknown,0,
65 OR MORE,NO DATA REPORTED,1-5 years,57,85044.36
65 OR MORE,NO DATA REPORTED,10-20 years,9,100370.2
65 OR MORE,NO DATA REPORTED,20-30 years,10,94201.5
65 OR MORE,NO DATA REPORTED,30+ years,9,120133.0
65 OR MORE,NO DATA REPORTED,5-10 years,22,73442.43
65 OR MORE,NO DATA REPORTED,< 1 year,20,66017.65
65 OR MORE,NO DATA REPORTED,Unknown,0,
65 OR MORE,NO FORMAL EDUCATION OR SOME ELEMENTARY SCHOOL - DID NOT COMPLETE,1-5 years,151,64177.46
65 OR MORE,NO FORMAL EDUCATION OR SOME ELEMENTARY SCHOOL - DID NOT COMPLETE,10-20 years,784,77548.26
65 OR MORE,NO FORMAL EDUCATION OR SOME ELEMENTARY SCHOOL - DID NOT COMPLETE,20-30 years,492,89558.54
65 OR MORE,NO FORMAL EDUCATION OR SOME ELEMENTARY SCHOOL - DID NOT COMPLETE,30+ years,136,82336.53
65 OR MORE,NO FORMAL EDUCATION OR SOME ELEMENTARY SCHOOL - DID NOT COMPLETE,5-10 years,351,72306.57
65 OR MORE,NO FORMAL EDUCATION OR SOME ELEMENTARY SCHOOL - DID NOT COMPLETE,< 1 year,9,83311.56
65 OR MORE,NO FORMAL EDUCATION OR SOME ELEMENTARY SCHOOL - DID NOT COMPLETE,Unknown,0,
65 OR MORE,ONE YEAR COLLEGE,1-5 years,154,63607.57
65 OR MORE,ONE YEAR COLLEGE,10-20 years,680,85002.45
65 OR MORE,ONE YEAR COLLEGE,20-30 years,571,91326.09
65 OR MORE,ONE YEAR COLLEGE,30+ years,972,101658.17
65 OR MORE,ONE YEAR COLLEGE,5-10 years,205,69138.02
65 OR MORE,ONE YEAR COLLEGE,< 1 year,23,64818.75
65 OR MORE,ONE YEAR COLLEGE,Unknown,0,
65 OR MORE,POST-BACHELOR'S,1-5 years,49,115021.42
65 OR MORE,POST-BACHELOR'S,10-20 years,379,139165.95
65 OR MORE,POST-BACHELOR'S,20-30 years,323,148863.22
65 OR MORE,POST-BACHELOR'S,30+ years,776,157618.89
65 OR MORE,POST-BACHELOR'S,5-10 years,103,126140.02
65 OR MORE,POST-BACHELOR'S,< 1 year,3,170769.0
65 OR MORE,POST-BACHELOR'S,Unknown,0,
65 OR MORE,POST-DOCTORATE,1-5 years,81,119734.79
65 OR MORE,POST-DOCTORATE,10-20 years,379,187100.29
65 OR MORE,POST-DOCTORATE,20-30 years,241,185566.22
65 OR MORE,POST-DOCTORATE,30+ years,224,202437.34
65 OR MORE,POST-DOCTORATE,5-10 years,87,212464.45
65 OR MORE,POST-DOCTORATE,< 1 year,5,121915.33
65 OR MORE,POST-DOCTORATE,Unknown,0,
65 OR MORE,POST-FIRST PROFESSIONAL,1-5 years,25,138651.91
65 OR MORE,POST-FIRST PROFESSIONAL,10-20 years,53,203576.76
65 OR MORE,POST-FIRST PROFESSIONAL,20-30 years,44,188553.94
65 OR MORE,POST-FIRST PROFESSIONAL,30+ years,65,183385.06
65 OR MORE,POST-FIRST PROFESSIONAL,5-10 years,24,211117.6
65 OR MORE,POST-FIRST PROFESSIONAL,< 1 year,3,233258.0
65 OR MORE,POST-FIRST PROFESSIONAL,Unknown,0,
65 OR MORE,POST-MASTER'S,1-5 years,41,111775.06
65 OR MORE,POST-MASTER'S,10-20 years,301,162621.26
65 OR MORE,POST-MASTER'S,20-30 years,233,168186.06
65 OR MORE,POST-MASTER'S,30+ years,283,167734.99
65 OR MORE,POST-MASTER'S,5-10 years,61,143357.5
65 OR MORE,POST-MASTER'S,< 1 year,3,113275.0
65 OR MORE,POST-MASTER'S,Unknown,0,
65 OR MORE,POST-SIXTH YEAR,1-5 years,2,
65 OR MORE,POST-SIXTH YEAR,10-20 years,29,152569.4
65 OR MORE,POST-SIXTH YEAR,20-30 years,13,167801.0
65 OR MORE,POST-SIXTH YEAR,30+ years,23,180294.13
65 OR MORE,POST-SIXTH YEAR,5-10 years,10,145224.78
65 OR MORE,POST-SIXTH YEAR,< 1 year,1,0.0
65 OR MORE,POST-SIXTH YEAR,Unknown,0,
65 OR MORE,SIXTH-YEAR DEGREE,1-5 years,5,162682.0
65 OR MORE,SIXTH-YEAR DEGREE,10-20 years,23,158196.46
65 OR MORE,SIXTH-YEAR DEGREE,20-30 years,30,175931.16
65 OR MORE,SIXTH-YEAR DEGREE,30+ years,33,183758.24
65 OR MORE,SIXTH-YEAR DEGREE,5-10 years,11,152401.4
65 OR MORE,SIXTH-YEAR DEGREE,< 1 year,2,195200.0
65 OR MORE,SIXTH-YEAR DEGREE,Unknown,0,
65 OR MORE,SOME COLLEGE - LESS THAN ONE YEAR,1-5 years,248,65925.08
65 OR MORE,SOME COLLEGE - LESS THAN ONE YEAR,10-20 years,1153,88970.94
65 OR MORE,SOME COLLEGE - LESS THAN ONE YEAR,20-30 years,799,96877.44
65 OR MORE,SOME COLLEGE - LESS THAN ONE YEAR,30+ years,1361,103989.23
65 OR MORE,SOME COLLEGE - LESS THAN ONE YEAR,5-10 years,384,69358.38
65 OR MORE,SOME COLLEGE - LESS THAN ONE YEAR,< 1 year,37,57203.3
65 OR MORE,SOME COLLEGE - LESS THAN ONE YEAR,Unknown,0,
65 OR MORE,SOME HIGH SCHOOL - DID NOT COMPLETE,1-5 years,103,53385.47
65 OR MORE,SOME HIGH SCHOOL - DID NOT COMPLETE,10-20 years,197,61709.94
65 OR MORE,SOME HIGH SCHOOL - DID NOT COMPLETE,20-30 years,111,68960.08
65 OR MORE,SOME HIGH SCHOOL - DID NOT COMPLETE,30+ years,177,70067.16
65 OR MORE,SOME HIGH SCHOOL - DID NOT COMPLETE,5-10 years,109,57202.1
65 OR MORE,SOME HIGH SCHOOL - DID NOT COMPLETE,< 1 year,28,44038.31
65 OR MORE,SOME HIGH SCHOOL - DID NOT COMPLETE,Unknown,0,
65 OR MORE,"TERMINAL OCCUPATIONAL PROGRAM - CERTIFICATE OF COMPLETION, DIPLOMA OR EQUIVALENT",1-5 years,146,65519.97
65 OR MORE,"TERMINAL OCCUPATIONAL PROGRAM - CERTIFICATE OF COMPLETION, DIPLOMA OR EQUIVALENT",10-20 years,331,88414.27
65 OR MORE,"TERMINAL OCCUPATIONAL PROGRAM - CERTIFICATE OF COMPLETION, DIPLOMA OR EQUIVALENT",20-30 years,264,97203.23
65 OR MORE,"TERMINAL OCCUPATIONAL PROGRAM - CERTIFICATE OF COMPLETION, DIPLOMA OR EQUIVALENT",30+ years,703,91314.63
65 OR MORE,"TERMINAL OCCUPATIONAL PROGRAM - CERTIFICATE OF COMPLETION, DIPLOMA OR EQUIVALENT",5-10 years,346,70088.32
65 OR MORE,"TERMINAL OCCUPATIONAL PROGRAM - CERTIFICATE OF COMPLETION, DIPLOMA OR EQUIVALENT",< 1 year,15,78314.18
65 OR MORE,"TERMINAL OCCUPATIONAL PROGRAM - CERTIFICATE OF COMPLETION, DIPLOMA OR EQUIVALENT",Unknown,0,
65 OR MORE,TERMINAL OCCUPATIONAL PROGRAM - DID NOT COMPLETE,1-5 years,12,70339.45
65 OR MORE,TERMINAL OCCUPATIONAL PROGRAM - DID NOT COMPLETE,10-20 years,280,68535.14
65 OR MORE,TERMINAL OCCUPATIONAL PROGRAM - DID NOT COMPLETE,20-30 years,171,77712.19
65 OR MORE,TERMINAL OCCUPATIONAL PROGRAM - DID NOT COMPLETE,30+ years,231,86542.47
65 OR MORE,TERMINAL OCCUPATIONAL PROGRAM - DID NOT COMPLETE,5-10 years,62,63574.28
65 OR MORE,TERMINAL OCCUPATIONAL PROGRAM - DID NOT COMPLETE,< 1 year,2,47601.5
65 OR MORE,TERMINAL OCCUPATIONAL PROGRAM - DID NOT COMPLETE,Unknown,0,
65 OR MORE,THREE YEARS COLLEGE,1-5 years,49,66808.43
65 OR MORE,THREE YEARS COLLEGE,10-20 years,293,100211.44
65 OR MORE,THREE YEARS COLLEGE,20-30 years,264,111208.75
65 OR MORE,THREE YEARS COLLEGE,30+ years,452,114803.74
65 OR MORE,THREE YEARS COLLEGE,5-10 years,70,85848.26
65 OR MORE,THREE YEARS COLLEGE,< 1 year,9,58482.88
65 OR MORE,THREE YEARS COLLEGE,Unknown,0,
65 OR MORE,TWO YEARS COLLEGE,1-5 years,115,62877.67
65 OR MORE,TWO YEARS COLLEGE,10-20 years,859,87697.99
65 OR MORE,TWO YEARS COLLEGE,20-30 years,640,94639.27
65 OR MORE,TWO YEARS COLLEGE,30+ years,894,108548.0
65 OR MORE,TWO YEARS COLLEGE,5-10 years,217,74580.73
65 OR MORE,TWO YEARS COLLEGE,< 1 year,22,45857.07
65 OR MORE,TWO YEARS COLLEGE,Unknown,0,
LESS THAN 20,ASSOCIATE DEGREE,1-5 years,2,
LESS THAN 20,ASSOCIATE DEGREE,10-20 years,0,
LESS THAN 20,ASSOCIATE DEGREE,20-30 years,0,
LESS THAN 20,ASSOCIATE DEGREE,30+ years,0,
LESS THAN 20,ASSOCIATE DEGREE,5-10 years,0,
LESS THAN 20,ASSOCIATE DEGREE,< 1 year,5,46983.5
LESS THAN 20,ASSOCIATE DEGREE,Unknown,0,
LESS THAN 20,BACHELOR'S DEGREE,1-5 years,3,
LESS THAN 20,BACHELOR'S DEGREE,10-20 years,0,
LESS THAN 20,BACHELOR'S DEGREE,20-30 years,0,
LESS THAN 20,BACHELOR'S DEGREE,30+ years,0,
LESS THAN 20,BACHELOR'S DEGREE,5-10 years,0,
LESS THAN 20,BACHELOR'S DEGREE,< 1 year,0,
LESS THAN 20,BACHELOR'S DEGREE,Unknown,0,
LESS THAN 20,DOCTORATE DEGREE,1-5 years,0,
LESS THAN 20,DOCTORATE DEGREE,10-20 years,0,
LESS THAN 20,DOCTORATE DEGREE,20-30 years,0,
LESS THAN 20,DOCTORATE DEGREE,30+ years,0,
LESS THAN 20,DOCTORATE DEGREE,5-10 years,0,
LESS THAN 20,DOCTORATE DEGREE,< 1 year,0,
LESS THAN 20,DOCTORATE DEGREE,Unknown,0,
LESS THAN 20,ELEMENTARY SCHOOL COMPLETED - NO HIGH SCHOOL,1-5 years,1,
LESS THAN 20,ELEMENTARY SCHOOL COMPLETED - NO HIGH SCHOOL,10-20 years,0,
LESS THAN 20,ELEMENTARY SCHOOL COMPLETED - NO HIGH SCHOOL,20-30 years,0,
LESS THAN 20,ELEMENTARY SCHOOL COMPLETED - NO HIGH SCHOOL,30+ years,0,
LESS THAN 20,ELEMENTARY SCHOOL COMPLETED - NO HIGH SCHOOL,5-10 years,0,
LESS THAN 20,ELEMENTARY SCHOOL COMPLETED - NO HIGH SCHOOL,< 1 year,3,42860.0
LESS THAN 20,ELEMENTARY SCHOOL COMPLETED - NO HIGH SCHOOL,Unknown,0,
LESS THAN 20,FIRST PROFESSIONAL,1-5 years,0,
LESS THAN 20,FIRST PROFESSIONAL,10-20 years,0,
LESS THAN 20,FIRST PROFESSIONAL,20-30 years,0,
LESS THAN 20,FIRST PROFESSIONAL,30+ years,0,
LESS THAN 20,FIRST PROFESSIONAL,5-10 years,0,
LESS THAN 20,FIRST PROFESSIONAL,< 1 year,0,
LESS THAN 20,FIRST PROFESSIONAL,Unknown,0,
LESS THAN 20,FOUR YEARS COLLEGE,1-5 years,0,
LESS THAN 20,FOUR YEARS COLLEGE,10-20 years,0,
LESS THAN 20,FOUR YEARS COLLEGE,20-30 years,0,
LESS THAN 20,FOUR YEARS COLLEGE,30+ years,0,
LESS THAN 20,FOUR YEARS COLLEGE,5-10 years,0,
LESS THAN 20,FOUR YEARS COLLEGE,< 1 year,0,
LESS THAN 20,FOUR YEARS COLLEGE,Unknown,0,
LESS THAN 20,HIGH SCHOOL GRADUATE OR CERTIFICATE OF EQUIVALENCY,1-5 years,197,44939.72
LESS THAN 20,HIGH SCHOOL GRADUATE OR CERTIFICATE OF EQUIVALENCY,10-20 years,0,
LESS THAN 20,HIGH SCHOOL GRADUATE OR CERTIFICATE OF EQUIVALENCY,20-30 years,0,
LESS THAN 20,HIGH SCHOOL GRADUATE OR CERTIFICATE OF EQUIVALENCY,30+ years,0,
LESS THAN 20,HIGH SCHOOL GRADUATE OR CERTIFICATE OF EQUIVALENCY,5-10 years,0,
LESS THAN 20,HIGH SCHOOL GRADUATE OR CERTIFICATE OF EQUIVALENCY,< 1 year,516,43000.79
LESS THAN 20,HIGH SCHOOL GRADUATE OR CERTIFICATE OF EQUIVALENCY,Unknown,0,
LESS THAN 20,INVALID,1-5 years,0,
LESS THAN 20,INVALID,10-20 years,0,
LESS THAN 20,INVALID,20-30 years,0,
LESS THAN 20,INVALID,30+ years,0,
LESS THAN 20,INVALID,5-10 years,0,
LESS THAN 20,INVALID,< 1 year,0,
LESS THAN 20,INVALID,Unknown,0,
LESS THAN 20,MASTER'S DEGREE,1-5 years,0,
LESS THAN 20,MASTER'S DEGREE,10-20 years,0,
LESS THAN 20,MASTER'S DEGREE,20-30 years,0,
LESS THAN 20,MASTER'S DEGREE,30+ years,0,
LESS THAN 20,MASTER'S DEGREE,5-10 years,0,
LESS THAN 20,MASTER'S DEGREE,< 1 year,0,
LESS THAN 20,MASTER'S DEGREE,Unknown,0,
LESS THAN 20,NO DATA REPORTED,1-5 years,0,
LESS THAN 20,NO DATA REPORTED,10-20 years,0,
LESS THAN 20,NO DATA REPORTED,20-30 years,0,
LESS THAN 20,NO DATA REPORTED,30+ years,0,
LESS THAN 20,NO DATA REPORTED,5-10 years,0,
LESS THAN 20,NO DATA REPORTED,< 1 year,6,45461.83
LESS THAN 20,NO DATA REPORTED,Unknown,0,
LESS THAN 20,NO FORMAL EDUCATION OR SOME ELEMENTARY SCHOOL - DID NOT COMPLETE,1-5 years,5,41604.6
LESS THAN 20,NO FORMAL EDUCATION OR SOME ELEMENTARY SCHOOL - DID NOT COMPLETE,10-20 years,0,
LESS THAN 20,NO FORMAL EDUCATION OR SOME ELEMENTARY SCHOOL - DID NOT COMPLETE,20-30 years,0,
LESS THAN 20,NO FORMAL EDUCATION OR SOME ELEMENTARY SCHOOL - DID NOT COMPLETE,30+ years,0,
LESS THAN 20,NO FORMAL EDUCATION OR SOME ELEMENTARY SCHOOL - DID NOT COMPLETE,5-10 years,0,
LESS THAN 20,NO FORMAL EDUCATION OR SOME ELEMENTARY SCHOOL - DID NOT COMPLETE,< 1 year,5,41374.6
LESS THAN 20,NO FORMAL EDUCATION OR SOME ELEMENTARY SCHOOL - DID NOT COMPLETE,Unknown,0,
LESS THAN 20,ONE YEAR COLLEGE,1-5 years,6,34701.0
LESS THAN 20,ONE YEAR COLLEGE,10-20 years,0,
LESS THAN 20,ONE YEAR COLLEGE,20-30 years,0,
LESS THAN 20,ONE YEAR COLLEGE,30+ years,0,
LESS THAN 20,ONE YEAR COLLEGE,5-10 years,0,
LESS THAN 20,ONE YEAR COLLEGE,< 1 year,18,44006.4
LESS THAN 20,ONE YEAR COLLEGE,Unknown,0,
LESS THAN 20,POST-BACHELOR'S,1-5 years,0,
LESS THAN 20,POST-BACHELOR'S,10-20 years,0,
LESS THAN 20,POST-BACHELOR'S,20-30 years,0,
LESS THAN 20,POST-BACHELOR'S,30+ years,0,
LESS THAN 20,POST-BACHELOR'S,5-10 years,0,
LESS THAN 20,POST-BACHELOR'S,< 1 year,0,
LESS THAN 20,POST-BACHELOR'S,Unknown,0,
LESS THAN 20,POST-DOCTORATE,1-5 years,0,
LESS THAN 20,POST-DOCTORATE,10-20 years,0,
LESS THAN 20,POST-DOCTORATE,20-30 years,0,
LESS THAN 20,POST-DOCTORATE,30+ years,0,
LESS THAN 20,POST-DOCTORATE,5-10 years,0,
LESS THAN 20,POST-DOCTORATE,< 1 year,0,
LESS THAN 20,POST-DOCTORATE,Unknown,0,
LESS THAN 20,POST-FIRST PROFESSIONAL,1-5 years,0,
LESS THAN 20,POST-FIRST PROFESSIONAL,10-20 years,0,
LESS THAN 20,POST-FIRST PROFESSIONAL,20-30 years,0,
LESS THAN 20,POST-FIRST PROFESSIONAL,30+ years,0,
LESS THAN 20,POST-FIRST PROFESSIONAL,5-10 years,0,
LESS THAN 20,POST-FIRST PROFESSIONAL,< 1 year,0,
LESS THAN 20,POST-FIRST PROFESSIONAL,Unknown,0,
LESS THAN 20,POST-MASTER'S,1-5 years,0,
LESS THAN 20,POST-MASTER'S,10-20 years,0,
LESS THAN 20,POST-MASTER'S,20-30 years,0,
LESS THAN 20,POST-MASTER'S,30+ years,0,
LESS THAN 20,POST-MASTER'S,5-10 years,0,
LESS THAN 20,POST-MASTER'S,< 1 year,0,
LESS THAN 20,POST-MASTER'S,Unknown,0,
LESS THAN 20,POST-SIXTH YEAR,1-5 years,0,
LESS THAN 20,POST-SIXTH YEAR,10-20 years,0,
LESS THAN 20,POST-SIXTH YEAR,20-30 years,0,
LESS THAN 20,POST-SIXTH YEAR,30+ years,0,
LESS THAN 20,POST-SIXTH YEAR,5-10 years,0,
LESS THAN 20,POST-SIXTH YEAR,< 1 year,0,
LESS THAN 20,POST-SIXTH YEAR,Unknown,0,
LESS THAN 20,SIXTH-YEAR DEGREE,1-5 years,0,
LESS THAN 20,SIXTH-YEAR DEGREE,10-20 years,0,
LESS THAN 20,SIXTH-YEAR DEGREE,20-30 years,0,
LESS THAN 20,SIXTH-YEAR DEGREE,30+ years,0,
LESS THAN 20,SIXTH-YEAR DEGREE,5-10 years,0,
LESS THAN 20,SIXTH-YEAR DEGREE,< 1 year,0,
LESS THAN 20,SIXTH-YEAR DEGREE,Unknown,0,
LESS THAN 20,SOME COLLEGE - LESS THAN ONE YEAR,1-5 years,5,35176.67
LESS THAN 20,SOME COLLEGE - LESS THAN ONE YEAR,10-20 years,0,
LESS THAN 20,SOME COLLEGE - LESS THAN ONE YEAR,20-30 years,0,
LESS THAN 20,SOME COLLEGE - LESS THAN ONE YEAR,30+ years,0,
LESS THAN 20,SOME COLLEGE - LESS THAN ONE YEAR,5-10 years,0,
LESS THAN 20,SOME COLLEGE - LESS THAN ONE YEAR,< 1 year,7,43675.0
LESS THAN 20,SOME COLLEGE - LESS THAN ONE YEAR,Unknown,0,
LESS THAN 20,SOME HIGH SCHOOL - DID NOT COMPLETE,1-5 years,45,35277.25
LESS THAN 20,SOME HIGH SCHOOL - DID NOT COMPLETE,10-20 years,0,
LESS THAN 20,SOME HIGH SCHOOL - DID NOT COMPLETE,20-30 years,0,
LESS THAN 20,SOME HIGH SCHOOL - DID NOT COMPLETE,30+ years,0,
LESS THAN 20,SOME HIGH SCHOOL - DID NOT COMPLETE,5-10 years,0,
LESS THAN 20,SOME HIGH SCHOOL - DID NOT COMPLETE,< 1 year,20,38094.75
LESS THAN 20,SOME HIGH SCHOOL - DID NOT COMPLETE,Unknown,0,
LESS THAN 20,"TERMINAL OCCUPATIONAL PROGRAM - CERTIFICATE OF COMPLETION, DIPLOMA OR EQUIVALENT",1-5 years,0,
LESS THAN 20,"TERMINAL OCCUPATIONAL PROGRAM - CERTIFICATE OF COMPLETION, DIPLOMA OR EQUIVALENT",10-20 years,0,
LESS THAN 20,"TERMINAL OCCUPATIONAL PROGRAM - CERTIFICATE OF COMPLETION, DIPLOMA OR EQUIVALENT",20-30 years,0,
LESS THAN 20,"TERMINAL OCCUPATIONAL PROGRAM - CERTIFICATE OF COMPLETION, DIPLOMA OR EQUIVALENT",30+ years,0,
LESS THAN 20,"TERMINAL OCCUPATIONAL PROGRAM - CERTIFICATE OF COMPLETION, DIPLOMA OR EQUIVALENT",5-10 years,0,
LESS THAN 20,"TERMINAL OCCUPATIONAL PROGRAM - CERTIFICATE OF COMPLETION, DIPLOMA OR EQUIVALENT",< 1 year,5,37937.5
LESS THAN 20,"TERMINAL OCCUPATIONAL PROGRAM - CERTIFICATE OF COMPLETION, DIPLOMA OR EQUIVALENT",Unknown,0,
LESS THAN 20,TERMINAL OCCUPATIONAL PROGRAM - DID NOT COMPLETE,1-5 years,0,
LESS THAN 20,TERMINAL OCCUPATIONAL PROGRAM - DID NOT COMPLETE,10-20 years,0,
LESS THAN 20,TERMINAL OCCUPATIONAL PROGRAM - DID NOT COMPLETE,20-30 years,0,
LESS THAN 20,TERMINAL OCCUPATIONAL PROGRAM - DID NOT COMPLETE,30+ years,0,
LESS THAN 20,TERMINAL OCCUPATIONAL PROGRAM - DID NOT COMPLETE,5-10 years,0,
LESS THAN 20,TERMINAL OCCUPATIONAL PROGRAM - DID NOT COMPLETE,< 1 year,0,
LESS THAN 20,TERMINAL OCCUPATIONAL PROGRAM - DID NOT COMPLETE,Unknown,0,
LESS THAN 20,THREE YEARS COLLEGE,1-5 years,0,
LESS THAN 20,THREE YEARS COLLEGE,10-20 years,0,
LESS THAN 20,THREE YEARS COLLEGE,20-30 years,0,
LESS THAN 20,THREE YEARS COLLEGE,30+ years,0,
LESS THAN 20,THREE YEARS COLLEGE,5-10 years,0,
LESS THAN 20,THREE YEARS COLLEGE,< 1 year,1,41247.0
LESS THAN 20,THREE YEARS COLLEGE,Unknown,0,
LESS THAN 20,TWO YEARS COLLEGE,1-5 years,2,42622.0
LESS THAN 20,TWO YEARS COLLEGE,10-20 years,0,
LESS THAN 20,TWO YEARS COLLEGE,20-30 years,0,
LESS THAN 20,TWO YEARS COLLEGE,30+ years,0,
LESS THAN 20,TWO YEARS COLLEGE,5-10 years,0,
LESS THAN 20,TWO YEARS COLLEGE,< 1 year,6,43728.5
LESS THAN 20,TWO YEARS COLLEGE,Unknown,0,
