duty_station_state,duty_station_state_abbreviation,count_sum,pay_numeric_mean,pay_numeric_median,length_of_service_years_mean
ALABAMA,*,0,,,
ALABAMA,AK,0,,,
ALABAMA,AL,15721,104282.0,94006.0,12.27
ALABAMA,AR,0,,,
ALABAMA,AZ,0,,,
ALABAMA,CA,0,,,
ALABAMA,CO,0,,,
ALABAMA,CT,0,,,
ALABAMA,DC,0,,,
ALABAMA,DE,0,,,
ALABAMA,FL,0,,,
ALABAMA,GA,0,,,
ALABAMA,HI,0,,,
ALABAMA,IA,0,,,
ALABAMA,ID,0,,,
ALABAMA,IL,0,,,
ALABAMA,IN,0,,,
ALABAMA,KS,0,,,
ALABAMA,KY,0,,,
ALABAMA,LA,0,,,
ALABAMA,MA,0,,,
ALABAMA,MD,0,,,
ALABAMA,ME,0,,,
ALABAMA,MI,0,,,
ALABAMA,MN,0,,,
ALABAMA,MO,0,,,
ALABAMA,MS,0,,,
ALABAMA,MT,0,,,
ALABAMA,NC,0,,,
ALABAMA,ND,0,,,
ALABAMA,NDR,0,,,
ALABAMA,NE,0,,,
ALABAMA,NH,0,,,
ALABAMA,NJ,0,,,
ALABAMA,NM,0,,,
ALABAMA,NV,0,,,
ALABAMA,NY,0,,,
ALABAMA,OH,0,,,
ALABAMA,OK,0,,,
ALABAMA,OR,0,,,
ALABAMA,PA,0,,,
ALABAMA,REDACTED,0,,,
ALABAMA,RI,0,,,
ALABAMA,SC,0,,,
ALABAMA,SD,0,,,
ALABAMA,TN,0,,,
ALABAMA,TX,0,,,
ALABAMA,UT,0,,,
ALABAMA,VA,0,,,
ALABAMA,VT,0,,,
ALABAMA,WA,0,,,
ALABAMA,WI,0,,,
ALABAMA,WV,0,,,
ALABAMA,WY,0,,,
ALASKA,*,0,,,
ALASKA,AK,5319,113242.59,108678.0,12.49
ALASKA,AL,0,,,
ALASKA,AR,0,,,
ALASKA,AZ,0,,,
ALASKA,CA,0,,,
ALASKA,CO,0,,,
ALASKA,CT,0,,,
ALASKA,DC,0,,,
ALASKA,DE,0,,,
ALASKA,FL,0,,,
ALASKA,GA,0,,,
ALASKA,HI,0,,,
ALASKA,IA,0,,,
ALASKA,ID,0,,,
ALASKA,IL,0,,,
ALASKA,IN,0,,,
ALASKA,KS,0,,,
ALASKA,KY,0,,,
ALASKA,LA,0,,,
ALASKA,MA,0,,,
ALASKA,MD,0,,,
ALASKA,ME,0,,,
ALASKA,MI,0,,,
ALASKA,MN,0,,,
ALASKA,MO,0,,,
ALASKA,MS,0,,,
ALASKA,MT,0,,,
ALASKA,NC,0,,,
ALASKA,ND,0,,,
ALASKA,NDR,0,,,
ALASKA,NE,0,,,
ALASKA,NH,0,,,
ALASKA,NJ,0,,,
ALASKA,NM,0,,,
ALASKA,NV,0,,,
ALASKA,NY,0,,,
ALASKA,OH,0,,,
ALASKA,OK,0,,,
ALASKA,OR,0,,,
ALASKA,PA,0,,,
ALASKA,REDACTED,0,,,
ALASKA,RI,0,,,
ALASKA,SC,0,,,
ALASKA,SD,0,,,
ALASKA,TN,0,,,
ALASKA,TX,0,,,
ALASKA,UT,0,,,
ALASKA,VA,0,,,
ALASKA,VT,0,,,
ALASKA,WA,0,,,
ALASKA,WI,0,,,
ALASKA,WV,0,,,
ALASKA,WY,0,,,
ARIZONA,*,0,,,
ARIZONA,AK,0,,,
ARIZONA,AL,0,,,
ARIZONA,AR,0,,,
ARIZONA,AZ,23750,103970.28,90231.0,11.31
ARIZONA,CA,0,,,
ARIZONA,CO,0,,,
ARIZONA,CT,0,,,
ARIZONA,DC,0,,,
ARIZONA,DE,0,,,
ARIZONA,FL,0,,,
ARIZONA,GA,0,,,
ARIZONA,HI,0,,,
ARIZONA,IA,0,,,
ARIZONA,ID,0,,,
ARIZONA,IL,0,,,
ARIZONA,IN,0,,,
ARIZONA,KS,0,,,
ARIZONA,KY,0,,,
ARIZONA,LA,0,,,
ARIZONA,MA,0,,,
ARIZONA,MD,0,,,
ARIZONA,ME,0,,,
ARIZONA,MI,0,,,
ARIZONA,MN,0,,,
ARIZONA,MO,0,,,
ARIZONA,MS,0,,,
ARIZONA,MT,0,,,
ARIZONA,NC,0,,,
ARIZONA,ND,0,,,
ARIZONA,NDR,0,,,
ARIZONA,NE,0,,,
ARIZONA,NH,0,,,
ARIZONA,NJ,0,,,
ARIZONA,NM,0,,,
ARIZONA,NV,0,,,
ARIZONA,NY,0,,,
ARIZONA,OH,0,,,
ARIZONA,OK,0,,,
ARIZONA,OR,0,,,
ARIZONA,PA,0,,,
ARIZONA,REDACTED,0,,,
ARIZONA,RI,0,,,
ARIZONA,SC,0,,,
ARIZONA,SD,0,,,
ARIZONA,TN,0,,,
ARIZONA,TX,0,,,
ARIZONA,UT,0,,,
ARIZONA,VA,0,,,
ARIZONA,VT,0,,,
ARIZONA,WA,0,,,
ARIZONA,WI,0,,,
ARIZONA,WV,0,,,
ARIZONA,WY,0,,,
ARKANSAS,*,0,,,
ARKANSAS,AK,0,,,
ARKANSAS,AL,0,,,
ARKANSAS,AR,9767,101361.49,90428.0,11.49
ARKANSAS,AZ,0,,,
ARKANSAS,CA,0,,,
ARKANSAS,CO,0,,,
ARKANSAS,CT,0,,,
ARKANSAS,DC,0,,,
ARKANSAS,DE,0,,,
ARKANSAS,FL,0,,,
ARKANSAS,GA,0,,,
ARKANSAS,HI,0,,,
ARKANSAS,IA,0,,,
ARKANSAS,ID,0,,,
ARKANSAS,IL,0,,,
ARKANSAS,IN,0,,,
ARKANSAS,KS,0,,,
ARKANSAS,KY,0,,,
ARKANSAS,LA,0,,,
ARKANSAS,MA,0,,,
ARKANSAS,MD,0,,,
ARKANSAS,ME,0,,,
ARKANSAS,MI,0,,,
ARKANSAS,MN,0,,,
ARKANSAS,MO,0,,,
ARKANSAS,MS,0,,,
ARKANSAS,MT,0,,,
ARKANSAS,NC,0,,,
ARKANSAS,ND,0,,,
ARKANSAS,NDR,0,,,
ARKANSAS,NE,0,,,
ARKANSAS,NH,0,,,
ARKANSAS,NJ,0,,,
ARKANSAS,NM,0,,,
ARKANSAS,NV,0,,,
ARKANSAS,NY,0,,,
ARKANSAS,OH,0,,,
ARKANSAS,OK,0,,,
ARKANSAS,OR,0,,,
ARKANSAS,PA,0,,,
ARKANSAS,REDACTED,0,,,
ARKANSAS,RI,0,,,
ARKANSAS,SC,0,,,
ARKANSAS,SD,0,,,
ARKANSAS,TN,0,,,
ARKANSAS,TX,0,,,
ARKANSAS,UT,0,,,
ARKANSAS,VA,0,,,
ARKANSAS,VT,0,,,
ARKANSAS,WA,0,,,
ARKANSAS,WI,0,,,
ARKANSAS,WV,0,,,
ARKANSAS,WY,0,,,
CALIFORNIA,*,0,,,
CALIFORNIA,AK,0,,,
CALIFORNIA,AL,0,,,
CALIFORNIA,AR,0,,,
CALIFORNIA,AZ,0,,,
CALIFORNIA,CA,80185,123427.24,107375.0,11.78
CALIFORNIA,CO,0,,,
CALIFORNIA,CT,0,,,
CALIFORNIA,DC,0,,,
CALIFORNIA,DE,0,,,
CALIFORNIA,FL,0,,,
CALIFORNIA,GA,0,,,
CALIFORNIA,HI,0,,,
CALIFORNIA,IA,0,,,
CALIFORNIA,ID,0,,,
CALIFORNIA,IL,0,,,
CALIFORNIA,IN,0,,,
CALIFORNIA,KS,0,,,
CALIFORNIA,KY,0,,,
CALIFORNIA,LA,0,,,
CALIFORNIA,MA,0,,,
CALIFORNIA,MD,0,,,
CALIFORNIA,ME,0,,,
CALIFORNIA,MI,0,,,
CALIFORNIA,MN,0,,,
CALIFORNIA,MO,0,,,
CALIFORNIA,MS,0,,,
CALIFORNIA,MT,0,,,
CALIFORNIA,NC,0,,,
CALIFORNIA,ND,0,,,
CALIFORNIA,NDR,0,,,
CALIFORNIA,NE,0,,,
CALIFORNIA,NH,0,,,
CALIFORNIA,NJ,0,,,
CALIFORNIA,NM,0,,,
CALIFORNIA,NV,0,,,
CALIFORNIA,NY,0,,,
CALIFORNIA,OH,0,,,
CALIFORNIA,OK,0,,,
CALIFORNIA,OR,0,,,
CALIFORNIA,PA,0,,,
CALIFORNIA,REDACTED,0,,,
CALIFORNIA,RI,0,,,
CALIFORNIA,SC,0,,,
CALIFORNIA,SD,0,,,
CALIFORNIA,TN,0,,,
CALIFORNIA,TX,0,,,
CALIFORNIA,UT,0,,,
CALIFORNIA,VA,0,,,
CALIFORNIA,VT,0,,,
CALIFORNIA,WA,0,,,
CALIFORNIA,WI,0,,,
CALIFORNIA,WV,0,,,
CALIFORNIA,WY,0,,,
COLORADO,*,0,,,
COLORADO,AK,0,,,
COLORADO,AL,0,,,
COLORADO,AR,0,,,
COLORADO,AZ,0,,,
COLORADO,CA,0,,,
COLORADO,CO,25094,120164.06,115283.0,12.37
COLORADO,CT,0,,,
COLORADO,DC,0,,,
COLORADO,DE,0,,,
COLORADO,FL,0,,,
COLORADO,GA,0,,,
COLORADO,HI,0,,,
COLORADO,IA,0,,,
COLORADO,ID,0,,,
COLORADO,IL,0,,,
COLORADO,IN,0,,,
COLORADO,KS,0,,,
COLORADO,KY,0,,,
COLORADO,LA,0,,,
COLORADO,MA,0,,,
COLORADO,MD,0,,,
COLORADO,ME,0,,,
COLORADO,MI,0,,,
COLORADO,MN,0,,,
COLORADO,MO,0,,,
COLORADO,MS,0,,,
COLORADO,MT,0,,,
COLORADO,NC,0,,,
COLORADO,ND,0,,,
COLORADO,NDR,0,,,
COLORADO,NE,0,,,
COLORADO,NH,0,,,
COLORADO,NJ,0,,,
COLORADO,NM,0,,,
COLORADO,NV,0,,,
COLORADO,NY,0,,,
COLORADO,OH,0,,,
COLORADO,OK,0,,,
COLORADO,OR,0,,,
COLORADO,PA,0,,,
COLORADO,REDACTED,0,,,
COLORADO,RI,0,,,
COLORADO,SC,0,,,
COLORADO,SD,0,,,
COLORADO,TN,0,,,
COLORADO,TX,0,,,
COLORADO,UT,0,,,
COLORADO,VA,0,,,
COLORADO,VT,0,,,
COLORADO,WA,0,,,
COLORADO,WI,0,,,
COLORADO,WV,0,,,
COLORADO,WY,0,,,
CONNECTICUT,*,0,,,
CONNECTICUT,AK,0,,,
CONNECTICUT,AL,0,,,
CONNECTICUT,AR,0,,,
CONNECTICUT,AZ,0,,,
CONNECTICUT,CA,0,,,
CONNECTICUT,CO,0,,,
CONNECTICUT,CT,5031,122125.29,111400.0,11.71
CONNECTICUT,DC,0,,,
CONNECTICUT,DE,0,,,
CONNECTICUT,FL,0,,,
CONNECTICUT,GA,0,,,
CONNECTICUT,HI,0,,,
CONNECTICUT,IA,0,,,
CONNECTICUT,ID,0,,,
CONNECTICUT,IL,0,,,
CONNECTICUT,IN,0,,,
CONNECTICUT,KS,0,,,
CONNECTICUT,KY,0,,,
CONNECTICUT,LA,0,,,
CONNECTICUT,MA,0,,,
CONNECTICUT,MD,0,,,
CONNECTICUT,ME,0,,,
CONNECTICUT,MI,0,,,
CONNECTICUT,MN,0,,,
CONNECTICUT,MO,0,,,
CONNECTICUT,MS,0,,,
CONNECTICUT,MT,0,,,
CONNECTICUT,NC,0,,,
CONNECTICUT,ND,0,,,
CONNECTICUT,NDR,0,,,
CONNECTICUT,NE,0,,,
CONNECTICUT,NH,0,,,
CONNECTICUT,NJ,0,,,
CONNECTICUT,NM,0,,,
CONNECTICUT,NV,0,,,
CONNECTICUT,NY,0,,,
CONNECTICUT,OH,0,,,
CONNECTICUT,OK,0,,,
CONNECTICUT,OR,0,,,
CONNECTICUT,PA,0,,,
CONNECTICUT,REDACTED,0,,,
CONNECTICUT,RI,0,,,
CONNECTICUT,SC,0,,,
CONNECTICUT,SD,0,,,
CONNECTICUT,TN,0,,,
CONNECTICUT,TX,0,,,
CONNECTICUT,UT,0,,,
CONNECTICUT,VA,0,,,
CONNECTICUT,VT,0,,,
CONNECTICUT,WA,0,,,
CONNECTICUT,WI,0,,,
CONNECTICUT,WV,0,,,
CONNECTICUT,WY,0,,,
DELAWARE,*,0,,,
DELAWARE,AK,0,,,
DELAWARE,AL,0,,,
DELAWARE,AR,0,,,
DELAWARE,AZ,0,,,
DELAWARE,CA,0,,,
DELAWARE,CO,0,,,
DELAWARE,CT,0,,,
DELAWARE,DC,0,,,
DELAWARE,DE,2260,115457.0,106963.0,11.25
DELAWARE,FL,0,,,
DELAWARE,GA,0,,,
DELAWARE,HI,0,,,
DELAWARE,IA,0,,,
DELAWARE,ID,0,,,
DELAWARE,IL,0,,,
DELAWARE,IN,0,,,
DELAWARE,KS,0,,,
DELAWARE,KY,0,,,
DELAWARE,LA,0,,,
DELAWARE,MA,0,,,
DELAWARE,MD,0,,,
DELAWARE,ME,0,,,
DELAWARE,MI,0,,,
DELAWARE,MN,0,,,
DELAWARE,MO,0,,,
DELAWARE,MS,0,,,
DELAWARE,MT,0,,,
DELAWARE,NC,0,,,
DELAWARE,ND,0,,,
DELAWARE,NDR,0,,,
DELAWARE,NE,0,,,
DELAWARE,NH,0,,,
DELAWARE,NJ,0,,,
DELAWARE,NM,0,,,
DELAWARE,NV,0,,,
DELAWARE,NY,0,,,
DELAWARE,OH,0,,,
DELAWARE,OK,0,,,
DELAWARE,OR,0,,,
DELAWARE,PA,0,,,
DELAWARE,REDACTED,0,,,
DELAWARE,RI,0,,,
DELAWARE,SC,0,,,
DELAWARE,SD,0,,,
DELAWARE,TN,0,,,
DELAWARE,TX,0,,,
DELAWARE,UT,0,,,
DELAWARE,VA,0,,,
DELAWARE,VT,0,,,
DELAWARE,WA,0,,,
DELAWARE,WI,0,,,
DELAWARE,WV,0,,,
DELAWARE,WY,0,,,
DISTRICT OF COLUMBIA,*,0,,,
DISTRICT OF COLUMBIA,AK,0,,,
DISTRICT OF COLUMBIA,AL,0,,,
DISTRICT OF COLUMBIA,AR,0,,,
DISTRICT OF COLUMBIA,AZ,0,,,
DISTRICT OF COLUMBIA,CA,0,,,
DISTRICT OF COLUMBIA,CO,0,,,
DISTRICT OF COLUMBIA,CT,0,,,
DISTRICT OF COLUMBIA,DC,104227,152635.71,156737.0,14.8
DISTRICT OF COLUMBIA,DE,0,,,
DISTRICT OF COLUMBIA,FL,0,,,
DISTRICT OF COLUMBIA,GA,0,,,
DISTRICT OF COLUMBIA,HI,0,,,
DISTRICT OF COLUMBIA,IA,0,,,
DISTRICT OF COLUMBIA,ID,0,,,
DISTRICT OF COLUMBIA,IL,0,,,
DISTRICT OF COLUMBIA,IN,0,,,
DISTRICT OF COLUMBIA,KS,0,,,
DISTRICT OF COLUMBIA,KY,0,,,
DISTRICT OF COLUMBIA,LA,0,,,
DISTRICT OF COLUMBIA,MA,0,,,
DISTRICT OF COLUMBIA,MD,0,,,
DISTRICT OF COLUMBIA,ME,0,,,
DISTRICT OF COLUMBIA,MI,0,,,
DISTRICT OF COLUMBIA,MN,0,,,
DISTRICT OF COLUMBIA,MO,0,,,
DISTRICT OF COLUMBIA,MS,0,,,
DISTRICT OF COLUMBIA,MT,0,,,
DISTRICT OF COLUMBIA,NC,0,,,
DISTRICT OF COLUMBIA,ND,0,,,
DISTRICT OF COLUMBIA,NDR,0,,,
DISTRICT OF COLUMBIA,NE,0,,,
DISTRICT OF COLUMBIA,NH,0,,,
DISTRICT OF COLUMBIA,NJ,0,,,
DISTRICT OF COLUMBIA,NM,0,,,
DISTRICT OF COLUMBIA,NV,0,,,
DISTRICT OF COLUMBIA,NY,0,,,
DISTRICT OF COLUMBIA,OH,0,,,
DISTRICT OF COLUMBIA,OK,0,,,
DISTRICT OF COLUMBIA,OR,0,,,
DISTRICT OF COLUMBIA,PA,0,,,
DISTRICT OF COLUMBIA,REDACTED,0,,,
DISTRICT OF COLUMBIA,RI,0,,,
DISTRICT OF COLUMBIA,SC,0,,,
DISTRICT OF COLUMBIA,SD,0,,,
DISTRICT OF COLUMBIA,TN,0,,,
DISTRICT OF COLUMBIA,TX,0,,,
DISTRICT OF COLUMBIA,UT,0,,,
DISTRICT OF COLUMBIA,VA,0,,,
DISTRICT OF COLUMBIA,VT,0,,,
DISTRICT OF COLUMBIA,WA,0,,,
DISTRICT OF COLUMBIA,WI,0,,,
DISTRICT OF COLUMBIA,WV,0,,,
DISTRICT OF COLUMBIA,WY,0,,,
FLORIDA,*,0,,,
FLORIDA,AK,0,,,
FLORIDA,AL,0,,,
FLORIDA,AR,0,,,
FLORIDA,AZ,0,,,
FLORIDA,CA,0,,,
FLORIDA,CO,0,,,
FLORIDA,CT,0,,,
FLORIDA,DC,0,,,
FLORIDA,DE,0,,,
FLORIDA,FL,56779,109991.36,98210.0,11.45
FLORIDA,GA,0,,,
FLORIDA,HI,0,,,
FLORIDA,IA,0,,,
FLORIDA,ID,0,,,
FLORIDA,IL,0,,,
FLORIDA,IN,0,,,
FLORIDA,KS,0,,,
FLORIDA,KY,0,,,
FLORIDA,LA,0,,,
FLORIDA,MA,0,,,
FLORIDA,MD,0,,,
FLORIDA,ME,0,,,
FLORIDA,MI,0,,,
FLORIDA,MN,0,,,
FLORIDA,MO,0,,,
FLORIDA,MS,0,,,
FLORIDA,MT,0,,,
FLORIDA,NC,0,,,
FLORIDA,ND,0,,,
FLORIDA,NDR,0,,,
FLORIDA,NE,0,,,
FLORIDA,NH,0,,,
FLORIDA,NJ,0,,,
FLORIDA,NM,0,,,
FLORIDA,NV,0,,,
FLORIDA,NY,0,,,
FLORIDA,OH,0,,,
FLORIDA,OK,0,,,
FLORIDA,OR,0,,,
FLORIDA,PA,0,,,
FLORIDA,REDACTED,0,,,
FLORIDA,RI,0,,,
FLORIDA,SC,0,,,
FLORIDA,SD,0,,,
FLORIDA,TN,0,,,
FLORIDA,TX,0,,,
FLORIDA,UT,0,,,
FLORIDA,VA,0,,,
FLORIDA,VT,0,,,
FLORIDA,WA,0,,,
FLORIDA,WI,0,,,
FLORIDA,WV,0,,,
FLORIDA,WY,0,,,
GEORGIA,*,0,,,
GEORGIA,AK,0,,,
GEORGIA,AL,0,,,
GEORGIA,AR,0,,,
GEORGIA,AZ,0,,,
GEORGIA,CA,0,,,
GEORGIA,CO,0,,,
GEORGIA,CT,0,,,
GEORGIA,DC,0,,,
GEORGIA,DE,0,,,
GEORGIA,FL,0,,,
GEORGIA,GA,41530,112017.67,105997.0,12.26
GEORGIA,HI,0,,,
GEORGIA,IA,0,,,
GEORGIA,ID,0,,,
GEORGIA,IL,0,,,
GEORGIA,IN,0,,,
GEORGIA,KS,0,,,
GEORGIA,KY,0,,,
GEORGIA,LA,0,,,
GEORGIA,MA,0,,,
GEORGIA,MD,0,,,
GEORGIA,ME,0,,,
GEORGIA,MI,0,,,
GEORGIA,MN,0,,,
GEORGIA,MO,0,,,
GEORGIA,MS,0,,,
GEORGIA,MT,0,,,
GEORGIA,NC,0,,,
GEORGIA,ND,0,,,
GEORGIA,NDR,0,,,
GEORGIA,NE,0,,,
GEORGIA,NH,0,,,
GEORGIA,NJ,0,,,
GEORGIA,NM,0,,,
GEORGIA,NV,0,,,
GEORGIA,NY,0,,,
GEORGIA,OH,0,,,
GEORGIA,OK,0,,,
GEORGIA,OR,0,,,
GEORGIA,PA,0,,,
GEORGIA,REDACTED,0,,,
GEORGIA,RI,0,,,
GEORGIA,SC,0,,,
GEORGIA,SD,0,,,
GEORGIA,TN,0,,,
GEORGIA,TX,0,,,
GEORGIA,UT,0,,,
GEORGIA,VA,0,,,
GEORGIA,VT,0,,,
GEORGIA,WA,0,,,
GEORGIA,WI,0,,,
GEORGIA,WV,0,,,
GEORGIA,WY,0,,,
HAWAII,*,0,,,
HAWAII,AK,0,,,
HAWAII,AL,0,,,
HAWAII,AR,0,,,
HAWAII,AZ,0,,,
HAWAII,CA,0,,,
HAWAII,CO,0,,,
HAWAII,CT,0,,,
HAWAII,DC,0,,,
HAWAII,DE,0,,,
HAWAII,FL,0,,,
HAWAII,GA,0,,,
HAWAII,HI,4951,107750.18,97772.0,11.21
HAWAII,IA,0,,,
HAWAII,ID,0,,,
HAWAII,IL,0,,,
HAWAII,IN,0,,,
HAWAII,KS,0,,,
HAWAII,KY,0,,,
HAWAII,LA,0,,,
HAWAII,MA,0,,,
HAWAII,MD,0,,,
HAWAII,ME,0,,,
HAWAII,MI,0,,,
HAWAII,MN,0,,,
HAWAII,MO,0,,,
HAWAII,MS,0,,,
HAWAII,MT,0,,,
HAWAII,NC,0,,,
HAWAII,ND,0,,,
HAWAII,NDR,0,,,
HAWAII,NE,0,,,
HAWAII,NH,0,,,
HAWAII,NJ,0,,,
HAWAII,NM,0,,,
HAWAII,NV,0,,,
HAWAII,NY,0,,,
HAWAII,OH,0,,,
HAWAII,OK,0,,,
HAWAII,OR,0,,,
HAWAII,PA,0,,,
HAWAII,REDACTED,0,,,
HAWAII,RI,0,,,
HAWAII,SC,0,,,
HAWAII,SD,0,,,
HAWAII,TN,0,,,
HAWAII,TX,0,,,
HAWAII,UT,0,,,
HAWAII,VA,0,,,
HAWAII,VT,0,,,
HAWAII,WA,0,,,
HAWAII,WI,0,,,
HAWAII,WV,0,,,
HAWAII,WY,0,,,
IDAHO,*,0,,,
IDAHO,AK,0,,,
IDAHO,AL,0,,,
IDAHO,AR,0,,,
IDAHO,AZ,0,,,
IDAHO,CA,0,,,
IDAHO,CO,0,,,
IDAHO,CT,0,,,
IDAHO,DC,0,,,
IDAHO,DE,0,,,
IDAHO,FL,0,,,
IDAHO,GA,0,,,
IDAHO,HI,0,,,
IDAHO,IA,0,,,
IDAHO,ID,7587,96678.02,89604.0,11.86
IDAHO,IL,0,,,
IDAHO,IN,0,,,
IDAHO,KS,0,,,
IDAHO,KY,0,,,
IDAHO,LA,0,,,
IDAHO,MA,0,,,
IDAHO,MD,0,,,
IDAHO,ME,0,,,
IDAHO,MI,0,,,
IDAHO,MN,0,,,
IDAHO,MO,0,,,
IDAHO,MS,0,,,
IDAHO,MT,0,,,
IDAHO,NC,0,,,
IDAHO,ND,0,,,
IDAHO,NDR,0,,,
IDAHO,NE,0,,,
IDAHO,NH,0,,,
IDAHO,NJ,0,,,
IDAHO,NM,0,,,
IDAHO,NV,0,,,
IDAHO,NY,0,,,
IDAHO,OH,0,,,
IDAHO,OK,0,,,
IDAHO,OR,0,,,
IDAHO,PA,0,,,
IDAHO,REDACTED,0,,,
IDAHO,RI,0,,,
IDAHO,SC,0,,,
IDAHO,SD,0,,,
IDAHO,TN,0,,,
IDAHO,TX,0,,,
IDAHO,UT,0,,,
IDAHO,VA,0,,,
IDAHO,VT,0,,,
IDAHO,WA,0,,,
IDAHO,WI,0,,,
IDAHO,WV,0,,,
IDAHO,WY,0,,,
ILLINOIS,*,0,,,
ILLINOIS,AK,0,,,
ILLINOIS,AL,0,,,
ILLINOIS,AR,0,,,
ILLINOIS,AZ,0,,,
ILLINOIS,CA,0,,,
ILLINOIS,CO,0,,,
ILLINOIS,CT,0,,,
ILLINOIS,DC,0,,,
ILLINOIS,DE,0,,,
ILLINOIS,FL,0,,,
ILLINOIS,GA,0,,,
ILLINOIS,HI,0,,,
ILLINOIS,IA,0,,,
ILLINOIS,ID,0,,,
ILLINOIS,IL,28401,117827.85,106716.5,12.12
ILLINOIS,IN,0,,,
ILLINOIS,KS,0,,,
ILLINOIS,KY,0,,,
ILLINOIS,LA,0,,,
ILLINOIS,MA,0,,,
ILLINOIS,MD,0,,,
ILLINOIS,ME,0,,,
ILLINOIS,MI,0,,,
ILLINOIS,MN,0,,,
ILLINOIS,MO,0,,,
ILLINOIS,MS,0,,,
ILLINOIS,MT,0,,,
ILLINOIS,NC,0,,,
ILLINOIS,ND,0,,,
ILLINOIS,NDR,0,,,
ILLINOIS,NE,0,,,
ILLINOIS,NH,0,,,
ILLINOIS,NJ,0,,,
ILLINOIS,NM,0,,,
ILLINOIS,NV,0,,,
ILLINOIS,NY,0,,,
ILLINOIS,OH,0,,,
ILLINOIS,OK,0,,,
ILLINOIS,OR,0,,,
ILLINOIS,PA,0,,,
ILLINOIS,REDACTED,0,,,
ILLINOIS,RI,0,,,
ILLINOIS,SC,0,,,
ILLINOIS,SD,0,,,
ILLINOIS,TN,0,,,
ILLINOIS,TX,0,,,
ILLINOIS,UT,0,,,
ILLINOIS,VA,0,,,
ILLINOIS,VT,0,,,
ILLINOIS,WA,0,,,
ILLINOIS,WI,0,,,
ILLINOIS,WV,0,,,
ILLINOIS,WY,0,,,
INDIANA,*,0,,,
INDIANA,AK,0,,,
INDIANA,AL,0,,,
INDIANA,AR,0,,,
INDIANA,AZ,0,,,
INDIANA,CA,0,,,
INDIANA,CO,0,,,
INDIANA,CT,0,,,
INDIANA,DC,0,,,
INDIANA,DE,0,,,
INDIANA,FL,0,,,
INDIANA,GA,0,,,
INDIANA,HI,0,,,
INDIANA,IA,0,,,
INDIANA,ID,0,,,
INDIANA,IL,0,,,
INDIANA,IN,11495,101485.12,90821.0,11.32
INDIANA,KS,0,,,
INDIANA,KY,0,,,
INDIANA,LA,0,,,
INDIANA,MA,0,,,
INDIANA,MD,0,,,
INDIANA,ME,0,,,
INDIANA,MI,0,,,
INDIANA,MN,0,,,
INDIANA,MO,0,,,
INDIANA,MS,0,,,
INDIANA,MT,0,,,
INDIANA,NC,0,,,
INDIANA,ND,0,,,
INDIANA,NDR,0,,,
INDIANA,NE,0,,,
INDIANA,NH,0,,,
INDIANA,NJ,0,,,
INDIANA,NM,0,,,
INDIANA,NV,0,,,
INDIANA,NY,0,,,
INDIANA,OH,0,,,
INDIANA,OK,0,,,
INDIANA,OR,0,,,
INDIANA,PA,0,,,
INDIANA,REDACTED,0,,,
INDIANA,RI,0,,,
INDIANA,SC,0,,,
INDIANA,SD,0,,,
INDIANA,TN,0,,,
INDIANA,TX,0,,,
INDIANA,UT,0,,,
INDIANA,VA,0,,,
INDIANA,VT,0,,,
INDIANA,WA,0,,,
INDIANA,WI,0,,,
INDIANA,WV,0,,,
INDIANA,WY,0,,,
INVALID,*,1226,121656.95,118905.0,11.82
INVALID,AK,0,,,
INVALID,AL,0,,,
INVALID,AR,0,,,
INVALID,AZ,0,,,
INVALID,CA,0,,,
INVALID,CO,0,,,
INVALID,CT,0,,,
INVALID,DC,0,,,
INVALID,DE,0,,,
INVALID,FL,0,,,
INVALID,GA,0,,,
INVALID,HI,0,,,
INVALID,IA,0,,,
INVALID,ID,0,,,
INVALID,IL,0,,,
INVALID,IN,0,,,
INVALID,KS,0,,,
INVALID,KY,0,,,
INVALID,LA,0,,,
INVALID,MA,0,,,
INVALID,MD,0,,,
INVALID,ME,0,,,
INVALID,MI,0,,,
INVALID,MN,0,,,
INVALID,MO,0,,,
INVALID,MS,0,,,
INVALID,MT,0,,,
INVALID,NC,0,,,
INVALID,ND,0,,,
INVALID,NDR,0,,,
INVALID,NE,0,,,
INVALID,NH,0,,,
INVALID,NJ,0,,,
INVALID,NM,0,,,
INVALID,NV,0,,,
INVALID,NY,0,,,
INVALID,OH,0,,,
INVALID,OK,0,,,
INVALID,OR,0,,,
INVALID,PA,0,,,
INVALID,REDACTED,0,,,
INVALID,RI,0,,,
INVALID,SC,0,,,
INVALID,SD,0,,,
INVALID,TN,0,,,
INVALID,TX,0,,,
INVALID,UT,0,,,
INVALID,VA,0,,,
INVALID,VT,0,,,
INVALID,WA,0,,,
INVALID,WI,0,,,
INVALID,WV,0,,,
INVALID,WY,0,,,
IOWA,*,0,,,
IOWA,AK,0,,,
IOWA,AL,0,,,
IOWA,AR,0,,,
IOWA,AZ,0,,,
IOWA,CA,0,,,
IOWA,CO,0,,,
IOWA,CT,0,,,
IOWA,DC,0,,,
IOWA,DE,0,,,
IOWA,FL,0,,,
IOWA,GA,0,,,
IOWA,HI,0,,,
IOWA,IA,7284,102797.36,91576.0,10.98
IOWA,ID,0,,,
IOWA,IL,0,,,
IOWA,IN,0,,,
IOWA,KS,0,,,
IOWA,KY,0,,,
IOWA,LA,0,,,
IOWA,MA,0,,,
IOWA,MD,0,,,
IOWA,ME,0,,,
IOWA,MI,0,,,
IOWA,MN,0,,,
IOWA,MO,0,,,
IOWA,MS,0,,,
IOWA,MT,0,,,
IOWA,NC,0,,,
IOWA,ND,0,,,
IOWA,NDR,0,,,
IOWA,NE,0,,,
IOWA,NH,0,,,
IOWA,NJ,0,,,
IOWA,NM,0,,,
IOWA,NV,0,,,
IOWA,NY,0,,,
IOWA,OH,0,,,
IOWA,OK,0,,,
IOWA,OR,0,,,
IOWA,PA,0,,,
IOWA,REDACTED,0,,,
IOWA,RI,0,,,
IOWA,SC,0,,,
IOWA,SD,0,,,
IOWA,TN,0,,,
IOWA,TX,0,,,
IOWA,UT,0,,,
IOWA,VA,0,,,
IOWA,VT,0,,,
IOWA,WA,0,,,
IOWA,WI,0,,,
IOWA,WV,0,,,
IOWA,WY,0,,,
KANSAS,*,0,,,
KANSAS,AK,0,,,
KANSAS,AL,0,,,
KANSAS,AR,0,,,
KANSAS,AZ,0,,,
KANSAS,CA,0,,,
KANSAS,CO,0,,,
KANSAS,CT,0,,,
KANSAS,DC,0,,,
KANSAS,DE,0,,,
KANSAS,FL,0,,,
KANSAS,GA,0,,,
KANSAS,HI,0,,,
KANSAS,IA,0,,,
KANSAS,ID,0,,,
KANSAS,IL,0,,,
KANSAS,IN,0,,,
KANSAS,KS,9644,103017.18,95488.0,11.64
KANSAS,KY,0,,,
KANSAS,LA,0,,,
KANSAS,MA,0,,,
KANSAS,MD,0,,,
KANSAS,ME,0,,,
KANSAS,MI,0,,,
KANSAS,MN,0,,,
KANSAS,MO,0,,,
KANSAS,MS,0,,,
KANSAS,MT,0,,,
KANSAS,NC,0,,,
KANSAS,ND,0,,,
KANSAS,NDR,0,,,
KANSAS,NE,0,,,
KANSAS,NH,0,,,
KANSAS,NJ,0,,,
KANSAS,NM,0,,,
KANSAS,NV,0,,,
KANSAS,NY,0,,,
KANSAS,OH,0,,,
KANSAS,OK,0,,,
KANSAS,OR,0,,,
KANSAS,PA,0,,,
KANSAS,REDACTED,0,,,
KANSAS,RI,0,,,
KANSAS,SC,0,,,
KANSAS,SD,0,,,
KANSAS,TN,0,,,
KANSAS,TX,0,,,
KANSAS,UT,0,,,
KANSAS,VA,0,,,
KANSAS,VT,0,,,
KANSAS,WA,0,,,
KANSAS,WI,0,,,
KANSAS,WV,0,,,
KANSAS,WY,0,,,
KENTUCKY,*,0,,,
KENTUCKY,AK,0,,,
KENTUCKY,AL,0,,,
KENTUCKY,AR,0,,,
KENTUCKY,AZ,0,,,
KENTUCKY,CA,0,,,
KENTUCKY,CO,0,,,
KENTUCKY,CT,0,,,
KENTUCKY,DC,0,,,
KENTUCKY,DE,0,,,
KENTUCKY,FL,0,,,
KENTUCKY,GA,0,,,
KENTUCKY,HI,0,,,
KENTUCKY,IA,0,,,
KENTUCKY,ID,0,,,
KENTUCKY,IL,0,,,
KENTUCKY,IN,0,,,
KENTUCKY,KS,0,,,
KENTUCKY,KY,12542,97198.87,84715.0,11.69
KENTUCKY,LA,0,,,
KENTUCKY,MA,0,,,
KENTUCKY,MD,0,,,
KENTUCKY,ME,0,,,
KENTUCKY,MI,0,,,
KENTUCKY,MN,0,,,
KENTUCKY,MO,0,,,
KENTUCKY,MS,0,,,
KENTUCKY,MT,0,,,
KENTUCKY,NC,0,,,
KENTUCKY,ND,0,,,
KENTUCKY,NDR,0,,,
KENTUCKY,NE,0,,,
KENTUCKY,NH,0,,,
KENTUCKY,NJ,0,,,
KENTUCKY,NM,0,,,
KENTUCKY,NV,0,,,
KENTUCKY,NY,0,,,
KENTUCKY,OH,0,,,
KENTUCKY,OK,0,,,
KENTUCKY,OR,0,,,
KENTUCKY,PA,0,,,
KENTUCKY,REDACTED,0,,,
KENTUCKY,RI,0,,,
KENTUCKY,SC,0,,,
KENTUCKY,SD,0,,,
KENTUCKY,TN,0,,,
KENTUCKY,TX,0,,,
KENTUCKY,UT,0,,,
KENTUCKY,VA,0,,,
KENTUCKY,VT,0,,,
KENTUCKY,WA,0,,,
KENTUCKY,WI,0,,,
KENTUCKY,WV,0,,,
KENTUCKY,WY,0,,,
LOUISIANA,*,0,,,
LOUISIANA,AK,0,,,
LOUISIANA,AL,0,,,
LOUISIANA,AR,0,,,
LOUISIANA,AZ,0,,,
LOUISIANA,CA,0,,,
LOUISIANA,CO,0,,,
LOUISIANA,CT,0,,,
LOUISIANA,DC,0,,,
LOUISIANA,DE,0,,,
LOUISIANA,FL,0,,,
LOUISIANA,GA,0,,,
LOUISIANA,HI,0,,,
LOUISIANA,IA,0,,,
LOUISIANA,ID,0,,,
LOUISIANA,IL,0,,,
LOUISIANA,IN,0,,,
LOUISIANA,KS,0,,,
LOUISIANA,KY,0,,,
LOUISIANA,LA,12265,101713.76,91576.0,12.03
LOUISIANA,MA,0,,,
LOUISIANA,MD,0,,,
LOUISIANA,ME,0,,,
LOUISIANA,MI,0,,,
LOUISIANA,MN,0,,,
LOUISIANA,MO,0,,,
LOUISIANA,MS,0,,,
LOUISIANA,MT,0,,,
LOUISIANA,NC,0,,,
LOUISIANA,ND,0,,,
LOUISIANA,NDR,0,,,
LOUISIANA,NE,0,,,
LOUISIANA,NH,0,,,
LOUISIANA,NJ,0,,,
LOUISIANA,NM,0,,,
LOUISIANA,NV,0,,,
LOUISIANA,NY,0,,,
LOUISIANA,OH,0,,,
LOUISIANA,OK,0,,,
LOUISIANA,OR,0,,,
LOUISIANA,PA,0,,,
LOUISIANA,REDACTED,0,,,
LOUISIANA,RI,0,,,
LOUISIANA,SC,0,,,
LOUISIANA,SD,0,,,
LOUISIANA,TN,0,,,
LOUISIANA,TX,0,,,
LOUISIANA,UT,0,,,
LOUISIANA,VA,0,,,
LOUISIANA,VT,0,,,
LOUISIANA,WA,0,,,
LOUISIANA,WI,0,,,
LOUISIANA,WV,0,,,
LOUISIANA,WY,0,,,
MAINE,*,0,,,
MAINE,AK,0,,,
MAINE,AL,0,,,
MAINE,AR,0,,,
MAINE,AZ,0,,,
MAINE,CA,0,,,
MAINE,CO,0,,,
MAINE,CT,0,,,
MAINE,DC,0,,,
MAINE,DE,0,,,
MAINE,FL,0,,,
MAINE,GA,0,,,
MAINE,HI,0,,,
MAINE,IA,0,,,
MAINE,ID,0,,,
MAINE,IL,0,,,
MAINE,IN,0,,,
MAINE,KS,0,,,
MAINE,KY,0,,,
MAINE,LA,0,,,
MAINE,MA,0,,,
MAINE,MD,0,,,
MAINE,ME,3514,107185.76,97485.0,10.72
MAINE,MI,0,,,
MAINE,MN,0,,,
MAINE,MO,0,,,
MAINE,MS,0,,,
MAINE,MT,0,,,
MAINE,NC,0,,,
MAINE,ND,0,,,
MAINE,NDR,0,,,
MAINE,NE,0,,,
MAINE,NH,0,,,
MAINE,NJ,0,,,
MAINE,NM,0,,,
MAINE,NV,0,,,
MAINE,NY,0,,,
MAINE,OH,0,,,
MAINE,OK,0,,,
MAINE,OR,0,,,
MAINE,PA,0,,,
MAINE,REDACTED,0,,,
MAINE,RI,0,,,
MAINE,SC,0,,,
MAINE,SD,0,,,
MAINE,TN,0,,,
MAINE,TX,0,,,
MAINE,UT,0,,,
MAINE,VA,0,,,
MAINE,VT,0,,,
MAINE,WA,0,,,
MAINE,WI,0,,,
MAINE,WV,0,,,
MAINE,WY,0,,,
MARYLAND,*,0,,,
MARYLAND,AK,0,,,
MARYLAND,AL,0,,,
MARYLAND,AR,0,,,
MARYLAND,AZ,0,,,
MARYLAND,CA,0,,,
MARYLAND,CO,0,,,
MARYLAND,CT,0,,,
MARYLAND,DC,0,,,
MARYLAND,DE,0,,,
MARYLAND,FL,0,,,
MARYLAND,GA,0,,,
MARYLAND,HI,0,,,
MARYLAND,IA,0,,,
MARYLAND,ID,0,,,
MARYLAND,IL,0,,,
MARYLAND,IN,0,,,
MARYLAND,KS,0,,,
MARYLAND,KY,0,,,
MARYLAND,LA,0,,,
MARYLAND,MA,0,,,
MARYLAND,MD,79488,144141.15,144697.0,14.65
MARYLAND,ME,0,,,
MARYLAND,MI,0,,,
MARYLAND,MN,0,,,
MARYLAND,MO,0,,,
MARYLAND,MS,0,,,
MARYLAND,MT,0,,,
MARYLAND,NC,0,,,
MARYLAND,ND,0,,,
MARYLAND,NDR,0,,,
MARYLAND,NE,0,,,
MARYLAND,NH,0,,,
MARYLAND,NJ,0,,,
MARYLAND,NM,0,,,
MARYLAND,NV,0,,,
MARYLAND,NY,0,,,
MARYLAND,OH,0,,,
MARYLAND,OK,0,,,
MARYLAND,OR,0,,,
MARYLAND,PA,0,,,
MARYLAND,REDACTED,0,,,
MARYLAND,RI,0,,,
MARYLAND,SC,0,,,
MARYLAND,SD,0,,,
MARYLAND,TN,0,,,
MARYLAND,TX,0,,,
MARYLAND,UT,0,,,
MARYLAND,VA,0,,,
MARYLAND,VT,0,,,
MARYLAND,WA,0,,,
MARYLAND,WI,0,,,
MARYLAND,WV,0,,,
MARYLAND,WY,0,,,
MASSACHUSETTS,*,0,,,
MASSACHUSETTS,AK,0,,,
MASSACHUSETTS,AL,0,,,
MASSACHUSETTS,AR,0,,,
MASSACHUSETTS,AZ,0,,,
MASSACHUSETTS,CA,0,,,
MASSACHUSETTS,CO,0,,,
MASSACHUSETTS,CT,0,,,
MASSACHUSETTS,DC,0,,,
MASSACHUSETTS,DE,0,,,
MASSACHUSETTS,FL,0,,,
MASSACHUSETTS,GA,0,,,
MASSACHUSETTS,HI,0,,,
MASSACHUSETTS,IA,0,,,
MASSACHUSETTS,ID,0,,,
MASSACHUSETTS,IL,0,,,
MASSACHUSETTS,IN,0,,,
MASSACHUSETTS,KS,0,,,
MASSACHUSETTS,KY,0,,,
MASSACHUSETTS,LA,0,,,
MASSACHUSETTS,MA,16861,119413.82,110410.0,12.51
MASSACHUSETTS,MD,0,,,
MASSACHUSETTS,ME,0,,,
MASSACHUSETTS,MI,0,,,
MASSACHUSETTS,MN,0,,,
MASSACHUSETTS,MO,0,,,
MASSACHUSETTS,MS,0,,,
MASSACHUSETTS,MT,0,,,
MASSACHUSETTS,NC,0,,,
MASSACHUSETTS,ND,0,,,
MASSACHUSETTS,NDR,0,,,
MASSACHUSETTS,NE,0,,,
MASSACHUSETTS,NH,0,,,
MASSACHUSETTS,NJ,0,,,
MASSACHUSETTS,NM,0,,,
MASSACHUSETTS,NV,0,,,
MASSACHUSETTS,NY,0,,,
MASSACHUSETTS,OH,0,,,
MASSACHUSETTS,OK,0,,,
MASSACHUSETTS,OR,0,,,
MASSACHUSETTS,PA,0,,,
MASSACHUSETTS,REDACTED,0,,,
MASSACHUSETTS,RI,0,,,
MASSACHUSETTS,SC,0,,,
MASSACHUSETTS,SD,0,,,
MASSACHUSETTS,TN,0,,,
MASSACHUSETTS,TX,0,,,
MASSACHUSETTS,UT,0,,,
MASSACHUSETTS,VA,0,,,
MASSACHUSETTS,VT,0,,,
MASSACHUSETTS,WA,0,,,
MASSACHUSETTS,WI,0,,,
MASSACHUSETTS,WV,0,,,
MASSACHUSETTS,WY,0,,,
MICHIGAN,*,0,,,
MICHIGAN,AK,0,,,
MICHIGAN,AL,0,,,
MICHIGAN,AR,0,,,
MICHIGAN,AZ,0,,,
MICHIGAN,CA,0,,,
MICHIGAN,CO,0,,,
MICHIGAN,CT,0,,,
MICHIGAN,DC,0,,,
MICHIGAN,DE,0,,,
MICHIGAN,FL,0,,,
MICHIGAN,GA,0,,,
MICHIGAN,HI,0,,,
MICHIGAN,IA,0,,,
MICHIGAN,ID,0,,,
MICHIGAN,IL,0,,,
MICHIGAN,IN,0,,,
MICHIGAN,KS,0,,,
MICHIGAN,KY,0,,,
MICHIGAN,LA,0,,,
MICHIGAN,MA,0,,,
MICHIGAN,MD,0,,,
MICHIGAN,ME,0,,,
MICHIGAN,MI,18389,108557.79,97860.0,10.59
MICHIGAN,MN,0,,,
MICHIGAN,MO,0,,,
MICHIGAN,MS,0,,,
MICHIGAN,MT,0,,,
MICHIGAN,NC,0,,,
MICHIGAN,ND,0,,,
MICHIGAN,NDR,0,,,
MICHIGAN,NE,0,,,
MICHIGAN,NH,0,,,
MICHIGAN,NJ,0,,,
MICHIGAN,NM,0,,,
MICHIGAN,NV,0,,,
MICHIGAN,NY,0,,,
MICHIGAN,OH,0,,,
MICHIGAN,OK,0,,,
MICHIGAN,OR,0,,,
MICHIGAN,PA,0,,,
MICHIGAN,REDACTED,0,,,
MICHIGAN,RI,0,,,
MICHIGAN,SC,0,,,
MICHIGAN,SD,0,,,
MICHIGAN,TN,0,,,
MICHIGAN,TX,0,,,
MICHIGAN,UT,0,,,
MICHIGAN,VA,0,,,
MICHIGAN,VT,0,,,
MICHIGAN,WA,0,,,
MICHIGAN,WI,0,,,
MICHIGAN,WV,0,,,
MICHIGAN,WY,0,,,
MINNESOTA,*,0,,,
MINNESOTA,AK,0,,,
MINNESOTA,AL,0,,,
MINNESOTA,AR,0,,,
MINNESOTA,AZ,0,,,
MINNESOTA,CA,0,,,
MINNESOTA,CO,0,,,
MINNESOTA,CT,0,,,
MINNESOTA,DC,0,,,
MINNESOTA,DE,0,,,
MINNESOTA,FL,0,,,
MINNESOTA,GA,0,,,
MINNESOTA,HI,0,,,
MINNESOTA,IA,0,,,
MINNESOTA,ID,0,,,
MINNESOTA,IL,0,,,
MINNESOTA,IN,0,,,
MINNESOTA,KS,0,,,
MINNESOTA,KY,0,,,
MINNESOTA,LA,0,,,
MINNESOTA,MA,0,,,
MINNESOTA,MD,0,,,
MINNESOTA,ME,0,,,
MINNESOTA,MI,0,,,
MINNESOTA,MN,14021,111339.9,102100.0,11.48
MINNESOTA,MO,0,,,
MINNESOTA,MS,0,,,
MINNESOTA,MT,0,,,
MINNESOTA,NC,0,,,
MINNESOTA,ND,0,,,
MINNESOTA,NDR,0,,,
MINNESOTA,NE,0,,,
MINNESOTA,NH,0,,,
MINNESOTA,NJ,0,,,
MINNESOTA,NM,0,,,
MINNESOTA,NV,0,,,
MINNESOTA,NY,0,,,
MINNESOTA,OH,0,,,
MINNESOTA,OK,0,,,
MINNESOTA,OR,0,,,
MINNESOTA,PA,0,,,
MINNESOTA,REDACTED,0,,,
MINNESOTA,RI,0,,,
MINNESOTA,SC,0,,,
MINNESOTA,SD,0,,,
MINNESOTA,TN,0,,,
MINNESOTA,TX,0,,,
MINNESOTA,UT,0,,,
MINNESOTA,VA,0,,,
MINNESOTA,VT,0,,,
MINNESOTA,WA,0,,,
MINNESOTA,WI,0,,,
MINNESOTA,WV,0,,,
MINNESOTA,WY,0,,,
MISSISSIPPI,*,0,,,
MISSISSIPPI,AK,0,,,
MISSISSIPPI,AL,0,,,
MISSISSIPPI,AR,0,,,
MISSISSIPPI,AZ,0,,,
MISSISSIPPI,CA,0,,,
MISSISSIPPI,CO,0,,,
MISSISSIPPI,CT,0,,,
MISSISSIPPI,DC,0,,,
MISSISSIPPI,DE,0,,,
MISSISSIPPI,FL,0,,,
MISSISSIPPI,GA,0,,,
MISSISSIPPI,HI,0,,,
MISSISSIPPI,IA,0,,,
MISSISSIPPI,ID,0,,,
MISSISSIPPI,IL,0,,,
MISSISSIPPI,IN,0,,,
MISSISSIPPI,KS,0,,,
MISSISSIPPI,KY,0,,,
MISSISSIPPI,LA,0,,,
MISSISSIPPI,MA,0,,,
MISSISSIPPI,MD,0,,,
MISSISSIPPI,ME,0,,,
MISSISSIPPI,MI,0,,,
MISSISSIPPI,MN,0,,,
MISSISSIPPI,MO,0,,,
MISSISSIPPI,MS,9324,95095.85,86259.0,11.78
MISSISSIPPI,MT,0,,,
MISSISSIPPI,NC,0,,,
MISSISSIPPI,ND,0,,,
MISSISSIPPI,NDR,0,,,
MISSISSIPPI,NE,0,,,
MISSISSIPPI,NH,0,,,
MISSISSIPPI,NJ,0,,,
MISSISSIPPI,NM,0,,,
MISSISSIPPI,NV,0,,,
MISSISSIPPI,NY,0,,,
MISSISSIPPI,OH,0,,,
MISSISSIPPI,OK,0,,,
MISSISSIPPI,OR,0,,,
MISSISSIPPI,PA,0,,,
MISSISSIPPI,REDACTED,0,,,
MISSISSIPPI,RI,0,,,
MISSISSIPPI,SC,0,,,
MISSISSIPPI,SD,0,,,
MISSISSIPPI,TN,0,,,
MISSISSIPPI,TX,0,,,
MISSISSIPPI,UT,0,,,
MISSISSIPPI,VA,0,,,
MISSISSIPPI,VT,0,,,
MISSISSIPPI,WA,0,,,
MISSISSIPPI,WI,0,,,
MISSISSIPPI,WV,0,,,
MISSISSIPPI,WY,0,,,
MISSOURI,*,0,,,
MISSOURI,AK,0,,,
MISSOURI,AL,0,,,
MISSOURI,AR,0,,,
MISSOURI,AZ,0,,,
MISSOURI,CA,0,,,
MISSOURI,CO,0,,,
MISSOURI,CT,0,,,
MISSOURI,DC,0,,,
MISSOURI,DE,0,,,
MISSOURI,FL,0,,,
MISSOURI,GA,0,,,
MISSOURI,HI,0,,,
MISSOURI,IA,0,,,
MISSOURI,ID,0,,,
MISSOURI,IL,0,,,
MISSOURI,IN,0,,,
MISSOURI,KS,0,,,
MISSOURI,KY,0,,,
MISSOURI,LA,0,,,
MISSOURI,MA,0,,,
MISSOURI,MD,0,,,
MISSOURI,ME,0,,,
MISSOURI,MI,0,,,
MISSOURI,MN,0,,,
MISSOURI,MO,26081,96956.39,85162.0,11.84
MISSOURI,MS,0,,,
MISSOURI,MT,0,,,
MISSOURI,NC,0,,,
MISSOURI,ND,0,,,
MISSOURI,NDR,0,,,
MISSOURI,NE,0,,,
MISSOURI,NH,0,,,
MISSOURI,NJ,0,,,
MISSOURI,NM,0,,,
MISSOURI,NV,0,,,
MISSOURI,NY,0,,,
MISSOURI,OH,0,,,
MISSOURI,OK,0,,,
MISSOURI,OR,0,,,
MISSOURI,PA,0,,,
MISSOURI,REDACTED,0,,,
MISSOURI,RI,0,,,
MISSOURI,SC,0,,,
MISSOURI,SD,0,,,
MISSOURI,TN,0,,,
MISSOURI,TX,0,,,
MISSOURI,UT,0,,,
MISSOURI,VA,0,,,
MISSOURI,VT,0,,,
MISSOURI,WA,0,,,
MISSOURI,WI,0,,,
MISSOURI,WV,0,,,
MISSOURI,WY,0,,,
MONTANA,*,0,,,
MONTANA,AK,0,,,
MONTANA,AL,0,,,
MONTANA,AR,0,,,
MONTANA,AZ,0,,,
MONTANA,CA,0,,,
MONTANA,CO,0,,,
MONTANA,CT,0,,,
MONTANA,DC,0,,,
MONTANA,DE,0,,,
MONTANA,FL,0,,,
MONTANA,GA,0,,,
MONTANA,HI,0,,,
MONTANA,IA,0,,,
MONTANA,ID,0,,,
MONTANA,IL,0,,,
MONTANA,IN,0,,,
MONTANA,KS,0,,,
MONTANA,KY,0,,,
MONTANA,LA,0,,,
MONTANA,MA,0,,,
MONTANA,MD,0,,,
MONTANA,ME,0,,,
MONTANA,MI,0,,,
MONTANA,MN,0,,,
MONTANA,MO,0,,,
MONTANA,MS,0,,,
MONTANA,MT,7795,95435.39,87906.5,12.25
MONTANA,NC,0,,,
MONTANA,ND,0,,,
MONTANA,NDR,0,,,
MONTANA,NE,0,,,
MONTANA,NH,0,,,
MONTANA,NJ,0,,,
MONTANA,NM,0,,,
MONTANA,NV,0,,,
MONTANA,NY,0,,,
MONTANA,OH,0,,,
MONTANA,OK,0,,,
MONTANA,OR,0,,,
MONTANA,PA,0,,,
MONTANA,REDACTED,0,,,
MONTANA,RI,0,,,
MONTANA,SC,0,,,
MONTANA,SD,0,,,
MONTANA,TN,0,,,
MONTANA,TX,0,,,
MONTANA,UT,0,,,
MONTANA,VA,0,,,
MONTANA,VT,0,,,
MONTANA,WA,0,,,
MONTANA,WI,0,,,
MONTANA,WV,0,,,
MONTANA,WY,0,,,
NEBRASKA,*,0,,,
NEBRASKA,AK,0,,,
NEBRASKA,AL,0,,,
NEBRASKA,AR,0,,,
NEBRASKA,AZ,0,,,
NEBRASKA,CA,0,,,
NEBRASKA,CO,0,,,
NEBRASKA,CT,0,,,
NEBRASKA,DC,0,,,
NEBRASKA,DE,0,,,
NEBRASKA,FL,0,,,
NEBRASKA,GA,0,,,
NEBRASKA,HI,0,,,
NEBRASKA,IA,0,,,
NEBRASKA,ID,0,,,
NEBRASKA,IL,0,,,
NEBRASKA,IN,0,,,
NEBRASKA,KS,0,,,
NEBRASKA,KY,0,,,
NEBRASKA,LA,0,,,
NEBRASKA,MA,0,,,
NEBRASKA,MD,0,,,
NEBRASKA,ME,0,,,
NEBRASKA,MI,0,,,
NEBRASKA,MN,0,,,
NEBRASKA,MO,0,,,
NEBRASKA,MS,0,,,
NEBRASKA,MT,0,,,
NEBRASKA,NC,0,,,
NEBRASKA,ND,0,,,
NEBRASKA,NDR,0,,,
NEBRASKA,NE,5556,100275.37,88802.0,11.33
NEBRASKA,NH,0,,,
NEBRASKA,NJ,0,,,
NEBRASKA,NM,0,,,
NEBRASKA,NV,0,,,
NEBRASKA,NY,0,,,
NEBRASKA,OH,0,,,
NEBRASKA,OK,0,,,
NEBRASKA,OR,0,,,
NEBRASKA,PA,0,,,
NEBRASKA,REDACTED,0,,,
NEBRASKA,RI,0,,,
NEBRASKA,SC,0,,,
NEBRASKA,SD,0,,,
NEBRASKA,TN,0,,,
NEBRASKA,TX,0,,,
NEBRASKA,UT,0,,,
NEBRASKA,VA,0,,,
NEBRASKA,VT,0,,,
NEBRASKA,WA,0,,,
NEBRASKA,WI,0,,,
NEBRASKA,WV,0,,,
NEBRASKA,WY,0,,,
NEVADA,*,0,,,
NEVADA,AK,0,,,
NEVADA,AL,0,,,
NEVADA,AR,0,,,
NEVADA,AZ,0,,,
NEVADA,CA,0,,,
NEVADA,CO,0,,,
NEVADA,CT,0,,,
NEVADA,DC,0,,,
NEVADA,DE,0,,,
NEVADA,FL,0,,,
NEVADA,GA,0,,,
NEVADA,HI,0,,,
NEVADA,IA,0,,,
NEVADA,ID,0,,,
NEVADA,IL,0,,,
NEVADA,IN,0,,,
NEVADA,KS,0,,,
NEVADA,KY,0,,,
NEVADA,LA,0,,,
NEVADA,MA,0,,,
NEVADA,MD,0,,,
NEVADA,ME,0,,,
NEVADA,MI,0,,,
NEVADA,MN,0,,,
NEVADA,MO,0,,,
NEVADA,MS,0,,,
NEVADA,MT,0,,,
NEVADA,NC,0,,,
NEVADA,ND,0,,,
NEVADA,NDR,0,,,
NEVADA,NE,0,,,
NEVADA,NH,0,,,
NEVADA,NJ,0,,,
NEVADA,NM,0,,,
NEVADA,NV,10235,107242.05,96558.0,10.49
NEVADA,NY,0,,,
NEVADA,OH,0,,,
NEVADA,OK,0,,,
NEVADA,OR,0,,,
NEVADA,PA,0,,,
NEVADA,REDACTED,0,,,
NEVADA,RI,0,,,
NEVADA,SC,0,,,
NEVADA,SD,0,,,
NEVADA,TN,0,,,
NEVADA,TX,0,,,
NEVADA,UT,0,,,
NEVADA,VA,0,,,
NEVADA,VT,0,,,
NEVADA,WA,0,,,
NEVADA,WI,0,,,
NEVADA,WV,0,,,
NEVADA,WY,0,,,
NEW HAMPSHIRE,*,0,,,
NEW HAMPSHIRE,AK,0,,,
NEW HAMPSHIRE,AL,0,,,
NEW HAMPSHIRE,AR,0,,,
NEW HAMPSHIRE,AZ,0,,,
NEW HAMPSHIRE,CA,0,,,
NEW HAMPSHIRE,CO,0,,,
NEW HAMPSHIRE,CT,0,,,
NEW HAMPSHIRE,DC,0,,,
NEW HAMPSHIRE,DE,0,,,
NEW HAMPSHIRE,FL,0,,,
NEW HAMPSHIRE,GA,0,,,
NEW HAMPSHIRE,HI,0,,,
NEW HAMPSHIRE,IA,0,,,
NEW HAMPSHIRE,ID,0,,,
NEW HAMPSHIRE,IL,0,,,
NEW HAMPSHIRE,IN,0,,,
NEW HAMPSHIRE,KS,0,,,
NEW HAMPSHIRE,KY,0,,,
NEW HAMPSHIRE,LA,0,,,
NEW HAMPSHIRE,MA,0,,,
NEW HAMPSHIRE,MD,0,,,
NEW HAMPSHIRE,ME,0,,,
NEW HAMPSHIRE,MI,0,,,
NEW HAMPSHIRE,MN,0,,,
NEW HAMPSHIRE,MO,0,,,
NEW HAMPSHIRE,MS,0,,,
NEW HAMPSHIRE,MT,0,,,
NEW HAMPSHIRE,NC,0,,,
NEW HAMPSHIRE,ND,0,,,
NEW HAMPSHIRE,NDR,0,,,
NEW HAMPSHIRE,NE,0,,,
NEW HAMPSHIRE,NH,3734,120620.32,108859.0,12.54
NEW HAMPSHIRE,NJ,0,,,
NEW HAMPSHIRE,NM,0,,,
NEW HAMPSHIRE,NV,0,,,
NEW HAMPSHIRE,NY,0,,,
NEW HAMPSHIRE,OH,0,,,
NEW HAMPSHIRE,OK,0,,,
NEW HAMPSHIRE,OR,0,,,
NEW HAMPSHIRE,PA,0,,,
NEW HAMPSHIRE,REDACTED,0,,,
NEW HAMPSHIRE,RI,0,,,
NEW HAMPSHIRE,SC,0,,,
NEW HAMPSHIRE,SD,0,,,
NEW HAMPSHIRE,TN,0,,,
NEW HAMPSHIRE,TX,0,,,
NEW HAMPSHIRE,UT,0,,,
NEW HAMPSHIRE,VA,0,,,
NEW HAMPSHIRE,VT,0,,,
NEW HAMPSHIRE,WA,0,,,
NEW HAMPSHIRE,WI,0,,,
NEW HAMPSHIRE,WV,0,,,
NEW HAMPSHIRE,WY,0,,,
NEW JERSEY,*,0,,,
NEW JERSEY,AK,0,,,
NEW JERSEY,AL,0,,,
NEW JERSEY,AR,0,,,
NEW JERSEY,AZ,0,,,
NEW JERSEY,CA,0,,,
NEW JERSEY,CO,0,,,
NEW JERSEY,CT,0,,,
NEW JERSEY,DC,0,,,
NEW JERSEY,DE,0,,,
NEW JERSEY,FL,0,,,
NEW JERSEY,GA,0,,,
NEW JERSEY,HI,0,,,
NEW JERSEY,IA,0,,,
NEW JERSEY,ID,0,,,
NEW JERSEY,IL,0,,,
NEW JERSEY,IN,0,,,
NEW JERSEY,KS,0,,,
NEW JERSEY,KY,0,,,
NEW JERSEY,LA,0,,,
NEW JERSEY,MA,0,,,
NEW JERSEY,MD,0,,,
NEW JERSEY,ME,0,,,
NEW JERSEY,MI,0,,,
NEW JERSEY,MN,0,,,
NEW JERSEY,MO,0,,,
NEW JERSEY,MS,0,,,
NEW JERSEY,MT,0,,,
NEW JERSEY,NC,0,,,
NEW JERSEY,ND,0,,,
NEW JERSEY,NDR,0,,,
NEW JERSEY,NE,0,,,
NEW JERSEY,NH,0,,,
NEW JERSEY,NJ,10934,124374.31,118364.0,13.31
NEW JERSEY,NM,0,,,
NEW JERSEY,NV,0,,,
NEW JERSEY,NY,0,,,
NEW JERSEY,OH,0,,,
NEW JERSEY,OK,0,,,
NEW JERSEY,OR,0,,,
NEW JERSEY,PA,0,,,
NEW JERSEY,REDACTED,0,,,
NEW JERSEY,RI,0,,,
NEW JERSEY,SC,0,,,
NEW JERSEY,SD,0,,,
NEW JERSEY,TN,0,,,
NEW JERSEY,TX,0,,,
NEW JERSEY,UT,0,,,
NEW JERSEY,VA,0,,,
NEW JERSEY,VT,0,,,
NEW JERSEY,WA,0,,,
NEW JERSEY,WI,0,,,
NEW JERSEY,WV,0,,,
NEW JERSEY,WY,0,,,
NEW MEXICO,*,0,,,
NEW MEXICO,AK,0,,,
NEW MEXICO,AL,0,,,
NEW MEXICO,AR,0,,,
NEW MEXICO,AZ,0,,,
NEW MEXICO,CA,0,,,
NEW MEXICO,CO,0,,,
NEW MEXICO,CT,0,,,
NEW MEXICO,DC,0,,,
NEW MEXICO,DE,0,,,
NEW MEXICO,FL,0,,,
NEW MEXICO,GA,0,,,
NEW MEXICO,HI,0,,,
NEW MEXICO,IA,0,,,
NEW MEXICO,ID,0,,,
NEW MEXICO,IL,0,,,
NEW MEXICO,IN,0,,,
NEW MEXICO,KS,0,,,
NEW MEXICO,KY,0,,,
NEW MEXICO,LA,0,,,
NEW MEXICO,MA,0,,,
NEW MEXICO,MD,0,,,
NEW MEXICO,ME,0,,,
NEW MEXICO,MI,0,,,
NEW MEXICO,MN,0,,,
NEW MEXICO,MO,0,,,
NEW MEXICO,MS,0,,,
NEW MEXICO,MT,0,,,
NEW MEXICO,NC,0,,,
NEW MEXICO,ND,0,,,
NEW MEXICO,NDR,0,,,
NEW MEXICO,NE,0,,,
NEW MEXICO,NH,0,,,
NEW MEXICO,NJ,0,,,
NEW MEXICO,NM,14286,97006.24,84704.0,12.73
NEW MEXICO,NV,0,,,
NEW MEXICO,NY,0,,,
NEW MEXICO,OH,0,,,
NEW MEXICO,OK,0,,,
NEW MEXICO,OR,0,,,
NEW MEXICO,PA,0,,,
NEW MEXICO,REDACTED,0,,,
NEW MEXICO,RI,0,,,
NEW MEXICO,SC,0,,,
NEW MEXICO,SD,0,,,
NEW MEXICO,TN,0,,,
NEW MEXICO,TX,0,,,
NEW MEXICO,UT,0,,,
NEW MEXICO,VA,0,,,
NEW MEXICO,VT,0,,,
NEW MEXICO,WA,0,,,
NEW MEXICO,WI,0,,,
NEW MEXICO,WV,0,,,
NEW MEXICO,WY,0,,,
NEW YORK,*,0,,,
NEW YORK,AK,0,,,
NEW YORK,AL,0,,,
NEW YORK,AR,0,,,
NEW YORK,AZ,0,,,
NEW YORK,CA,0,,,
NEW YORK,CO,0,,,
NEW YORK,CT,0,,,
NEW YORK,DC,0,,,
NEW YORK,DE,0,,,
NEW YORK,FL,0,,,
NEW YORK,GA,0,,,
NEW YORK,HI,0,,,
NEW YORK,IA,0,,,
NEW YORK,ID,0,,,
NEW YORK,IL,0,,,
NEW YORK,IN,0,,,
NEW YORK,KS,0,,,
NEW YORK,KY,0,,,
NEW YORK,LA,0,,,
NEW YORK,MA,0,,,
NEW YORK,MD,0,,,
NEW YORK,ME,0,,,
NEW YORK,MI,0,,,
NEW YORK,MN,0,,,
NEW YORK,MO,0,,,
NEW YORK,MS,0,,,
NEW YORK,MT,0,,,
NEW YORK,NC,0,,,
NEW YORK,ND,0,,,
NEW YORK,NDR,0,,,
NEW YORK,NE,0,,,
NEW YORK,NH,0,,,
NEW YORK,NJ,0,,,
NEW YORK,NM,0,,,
NEW YORK,NV,0,,,
NEW YORK,NY,37229,114418.49,101217.0,12.26
NEW YORK,OH,0,,,
NEW YORK,OK,0,,,
NEW YORK,OR,0,,,
NEW YORK,PA,0,,,
NEW YORK,REDACTED,0,,,
NEW YORK,RI,0,,,
NEW YORK,SC,0,,,
NEW YORK,SD,0,,,
NEW YORK,TN,0,,,
NEW YORK,TX,0,,,
NEW YORK,UT,0,,,
NEW YORK,VA,0,,,
NEW YORK,VT,0,,,
NEW YORK,WA,0,,,
NEW YORK,WI,0,,,
NEW YORK,WV,0,,,
NEW YORK,WY,0,,,
NO DATA REPORTED,*,0,,,
NO DATA REPORTED,AK,0,,,
NO DATA REPORTED,AL,0,,,
NO DATA REPORTED,AR,0,,,
NO DATA REPORTED,AZ,0,,,
NO DATA REPORTED,CA,0,,,
NO DATA REPORTED,CO,0,,,
NO DATA REPORTED,CT,0,,,
NO DATA REPORTED,DC,0,,,
NO DATA REPORTED,DE,0,,,
NO DATA REPORTED,FL,0,,,
NO DATA REPORTED,GA,0,,,
NO DATA REPORTED,HI,0,,,
NO DATA REPORTED,IA,0,,,
NO DATA REPORTED,ID,0,,,
NO DATA REPORTED,IL,0,,,
NO DATA REPORTED,IN,0,,,
NO DATA REPORTED,KS,0,,,
NO DATA REPORTED,KY,0,,,
NO DATA REPORTED,LA,0,,,
NO DATA REPORTED,MA,0,,,
NO DATA REPORTED,MD,0,,,
NO DATA REPORTED,ME,0,,,
NO DATA REPORTED,MI,0,,,
NO DATA REPORTED,MN,0,,,
NO DATA REPORTED,MO,0,,,
NO DATA REPORTED,MS,0,,,
NO DATA REPORTED,MT,0,,,
NO DATA REPORTED,NC,0,,,
NO DATA REPORTED,ND,0,,,
NO DATA REPORTED,NDR,14495,89648.96,76403.0,9.3
NO DATA REPORTED,NE,0,,,
NO DATA REPORTED,NH,0,,,
NO DATA REPORTED,NJ,0,,,
NO DATA REPORTED,NM,0,,,
NO DATA REPORTED,NV,0,,,
NO DATA REPORTED,NY,0,,,
NO DATA REPORTED,OH,0,,,
NO DATA REPORTED,OK,0,,,
NO DATA REPORTED,OR,0,,,
NO DATA REPORTED,PA,0,,,
NO DATA REPORTED,REDACTED,0,,,
NO DATA REPORTED,RI,0,,,
NO DATA REPORTED,SC,0,,,
NO DATA REPORTED,SD,0,,,
NO DATA REPORTED,TN,0,,,
NO DATA REPORTED,TX,0,,,
NO DATA REPORTED,UT,0,,,
NO DATA REPORTED,VA,0,,,
NO DATA REPORTED,VT,0,,,
NO DATA REPORTED,WA,0,,,
NO DATA REPORTED,WI,0,,,
NO DATA REPORTED,WV,0,,,
NO DATA REPORTED,WY,0,,,
NORTH CAROLINA,*,0,,,
NORTH CAROLINA,AK,0,,,
NORTH CAROLINA,AL,0,,,
NORTH CAROLINA,AR,0,,,
NORTH CAROLINA,AZ,0,,,
NORTH CAROLINA,CA,0,,,
NORTH CAROLINA,CO,0,,,
NORTH CAROLINA,CT,0,,,
NORTH CAROLINA,DC,0,,,
NORTH CAROLINA,DE,0,,,
NORTH CAROLINA,FL,0,,,
NORTH CAROLINA,GA,0,,,
NORTH CAROLINA,HI,0,,,
NORTH CAROLINA,IA,0,,,
NORTH CAROLINA,ID,0,,,
NORTH CAROLINA,IL,0,,,
NORTH CAROLINA,IN,0,,,
NORTH CAROLINA,KS,0,,,
NORTH CAROLINA,KY,0,,,
NORTH CAROLINA,LA,0,,,
NORTH CAROLINA,MA,0,,,
NORTH CAROLINA,MD,0,,,
NORTH CAROLINA,ME,0,,,
NORTH CAROLINA,MI,0,,,
NORTH CAROLINA,MN,0,,,
NORTH CAROLINA,MO,0,,,
NORTH CAROLINA,MS,0,,,
NORTH CAROLINA,MT,0,,,
NORTH CAROLINA,NC,27439,111268.36,99659.0,11.15
NORTH CAROLINA,ND,0,,,
NORTH CAROLINA,NDR,0,,,
NORTH CAROLINA,NE,0,,,
NORTH CAROLINA,NH,0,,,
NORTH CAROLINA,NJ,0,,,
NORTH CAROLINA,NM,0,,,
NORTH CAROLINA,NV,0,,,
NORTH CAROLINA,NY,0,,,
NORTH CAROLINA,OH,0,,,
NORTH CAROLINA,OK,0,,,
NORTH CAROLINA,OR,0,,,
NORTH CAROLINA,PA,0,,,
NORTH CAROLINA,REDACTED,0,,,
NORTH CAROLINA,RI,0,,,
NORTH CAROLINA,SC,0,,,
NORTH CAROLINA,SD,0,,,
NORTH CAROLINA,TN,0,,,
NORTH CAROLINA,TX,0,,,
NORTH CAROLINA,UT,0,,,
NORTH CAROLINA,VA,0,,,
NORTH CAROLINA,VT,0,,,
NORTH CAROLINA,WA,0,,,
NORTH CAROLINA,WI,0,,,
NORTH CAROLINA,WV,0,,,
NORTH CAROLINA,WY,0,,,
NORTH DAKOTA,*,0,,,
NORTH DAKOTA,AK,0,,,
NORTH DAKOTA,AL,0,,,
NORTH DAKOTA,AR,0,,,
NORTH DAKOTA,AZ,0,,,
NORTH DAKOTA,CA,0,,,
NORTH DAKOTA,CO,0,,,
NORTH DAKOTA,CT,0,,,
NORTH DAKOTA,DC,0,,,
NORTH DAKOTA,DE,0,,,
NORTH DAKOTA,FL,0,,,
NORTH DAKOTA,GA,0,,,
NORTH DAKOTA,HI,0,,,
NORTH DAKOTA,IA,0,,,
NORTH DAKOTA,ID,0,,,
NORTH DAKOTA,IL,0,,,
NORTH DAKOTA,IN,0,,,
NORTH DAKOTA,KS,0,,,
NORTH DAKOTA,KY,0,,,
NORTH DAKOTA,LA,0,,,
NORTH DAKOTA,MA,0,,,
NORTH DAKOTA,MD,0,,,
NORTH DAKOTA,ME,0,,,
NORTH DAKOTA,MI,0,,,
NORTH DAKOTA,MN,0,,,
NORTH DAKOTA,MO,0,,,
NORTH DAKOTA,MS,0,,,
NORTH DAKOTA,MT,0,,,
NORTH DAKOTA,NC,0,,,
NORTH DAKOTA,ND,3656,94962.62,87005.0,11.22
NORTH DAKOTA,NDR,0,,,
NORTH DAKOTA,NE,0,,,
NORTH DAKOTA,NH,0,,,
NORTH DAKOTA,NJ,0,,,
NORTH DAKOTA,NM,0,,,
NORTH DAKOTA,NV,0,,,
NORTH DAKOTA,NY,0,,,
NORTH DAKOTA,OH,0,,,
NORTH DAKOTA,OK,0,,,
NORTH DAKOTA,OR,0,,,
NORTH DAKOTA,PA,0,,,
NORTH DAKOTA,REDACTED,0,,,
NORTH DAKOTA,RI,0,,,
NORTH DAKOTA,SC,0,,,
NORTH DAKOTA,SD,0,,,
NORTH DAKOTA,TN,0,,,
NORTH DAKOTA,TX,0,,,
NORTH DAKOTA,UT,0,,,
NORTH DAKOTA,VA,0,,,
NORTH DAKOTA,VT,0,,,
NORTH DAKOTA,WA,0,,,
NORTH DAKOTA,WI,0,,,
NORTH DAKOTA,WV,0,,,
NORTH DAKOTA,WY,0,,,
OHIO,*,0,,,
OHIO,AK,0,,,
OHIO,AL,0,,,
OHIO,AR,0,,,
OHIO,AZ,0,,,
OHIO,CA,0,,,
OHIO,CO,0,,,
OHIO,CT,0,,,
OHIO,DC,0,,,
OHIO,DE,0,,,
OHIO,FL,0,,,
OHIO,GA,0,,,
OHIO,HI,0,,,
OHIO,IA,0,,,
OHIO,ID,0,,,
OHIO,IL,0,,,
OHIO,IN,0,,,
OHIO,KS,0,,,
OHIO,KY,0,,,
OHIO,LA,0,,,
OHIO,MA,0,,,
OHIO,MD,0,,,
OHIO,ME,0,,,
OHIO,MI,0,,,
OHIO,MN,0,,,
OHIO,MO,0,,,
OHIO,MS,0,,,
OHIO,MT,0,,,
OHIO,NC,0,,,
OHIO,ND,0,,,
OHIO,NDR,0,,,
OHIO,NE,0,,,
OHIO,NH,0,,,
OHIO,NJ,0,,,
OHIO,NM,0,,,
OHIO,NV,0,,,
OHIO,NY,0,,,
OHIO,OH,26639,112531.26,103786.0,11.62
OHIO,OK,0,,,
OHIO,OR,0,,,
OHIO,PA,0,,,
OHIO,REDACTED,0,,,
OHIO,RI,0,,,
OHIO,SC,0,,,
OHIO,SD,0,,,
OHIO,TN,0,,,
OHIO,TX,0,,,
OHIO,UT,0,,,
OHIO,VA,0,,,
OHIO,VT,0,,,
OHIO,WA,0,,,
OHIO,WI,0,,,
OHIO,WV,0,,,
OHIO,WY,0,,,
OKLAHOMA,*,0,,,
OKLAHOMA,AK,0,,,
OKLAHOMA,AL,0,,,
OKLAHOMA,AR,0,,,
OKLAHOMA,AZ,0,,,
OKLAHOMA,CA,0,,,
OKLAHOMA,CO,0,,,
OKLAHOMA,CT,0,,,
OKLAHOMA,DC,0,,,
OKLAHOMA,DE,0,,,
OKLAHOMA,FL,0,,,
OKLAHOMA,GA,0,,,
OKLAHOMA,HI,0,,,
OKLAHOMA,IA,0,,,
OKLAHOMA,ID,0,,,
OKLAHOMA,IL,0,,,
OKLAHOMA,IN,0,,,
OKLAHOMA,KS,0,,,
OKLAHOMA,KY,0,,,
OKLAHOMA,LA,0,,,
OKLAHOMA,MA,0,,,
OKLAHOMA,MD,0,,,
OKLAHOMA,ME,0,,,
OKLAHOMA,MI,0,,,
OKLAHOMA,MN,0,,,
OKLAHOMA,MO,0,,,
OKLAHOMA,MS,0,,,
OKLAHOMA,MT,0,,,
OKLAHOMA,NC,0,,,
OKLAHOMA,ND,0,,,
OKLAHOMA,NDR,0,,,
OKLAHOMA,NE,0,,,
OKLAHOMA,NH,0,,,
OKLAHOMA,NJ,0,,,
OKLAHOMA,NM,0,,,
OKLAHOMA,NV,0,,,
OKLAHOMA,NY,0,,,
OKLAHOMA,OH,0,,,
OKLAHOMA,OK,15108,104936.89,95834.5,11.8
OKLAHOMA,OR,0,,,
OKLAHOMA,PA,0,,,
OKLAHOMA,REDACTED,0,,,
OKLAHOMA,RI,0,,,
OKLAHOMA,SC,0,,,
OKLAHOMA,SD,0,,,
OKLAHOMA,TN,0,,,
OKLAHOMA,TX,0,,,
OKLAHOMA,UT,0,,,
OKLAHOMA,VA,0,,,
OKLAHOMA,VT,0,,,
OKLAHOMA,WA,0,,,
OKLAHOMA,WI,0,,,
OKLAHOMA,WV,0,,,
OKLAHOMA,WY,0,,,
OREGON,*,0,,,
OREGON,AK,0,,,
OREGON,AL,0,,,
OREGON,AR,0,,,
OREGON,AZ,0,,,
OREGON,CA,0,,,
OREGON,CO,0,,,
OREGON,CT,0,,,
OREGON,DC,0,,,
OREGON,DE,0,,,
OREGON,FL,0,,,
OREGON,GA,0,,,
OREGON,HI,0,,,
OREGON,IA,0,,,
OREGON,ID,0,,,
OREGON,IL,0,,,
OREGON,IN,0,,,
OREGON,KS,0,,,
OREGON,KY,0,,,
OREGON,LA,0,,,
OREGON,MA,0,,,
OREGON,MD,0,,,
OREGON,ME,0,,,
OREGON,MI,0,,,
OREGON,MN,0,,,
OREGON,MO,0,,,
OREGON,MS,0,,,
OREGON,MT,0,,,
OREGON,NC,0,,,
OREGON,ND,0,,,
OREGON,NDR,0,,,
OREGON,NE,0,,,
OREGON,NH,0,,,
OREGON,NJ,0,,,
OREGON,NM,0,,,
OREGON,NV,0,,,
OREGON,NY,0,,,
OREGON,OH,0,,,
OREGON,OK,0,,,
OREGON,OR,15177,105851.06,95488.0,11.54
OREGON,PA,0,,,
OREGON,REDACTED,0,,,
OREGON,RI,0,,,
OREGON,SC,0,,,
OREGON,SD,0,,,
OREGON,TN,0,,,
OREGON,TX,0,,,
OREGON,UT,0,,,
OREGON,VA,0,,,
OREGON,VT,0,,,
OREGON,WA,0,,,
OREGON,WI,0,,,
OREGON,WV,0,,,
OREGON,WY,0,,,
PENNSYLVANIA,*,0,,,
PENNSYLVANIA,AK,0,,,
PENNSYLVANIA,AL,0,,,
PENNSYLVANIA,AR,0,,,
PENNSYLVANIA,AZ,0,,,
PENNSYLVANIA,CA,0,,,
PENNSYLVANIA,CO,0,,,
PENNSYLVANIA,CT,0,,,
PENNSYLVANIA,DC,0,,,
PENNSYLVANIA,DE,0,,,
PENNSYLVANIA,FL,0,,,
PENNSYLVANIA,GA,0,,,
PENNSYLVANIA,HI,0,,,
PENNSYLVANIA,IA,0,,,
PENNSYLVANIA,ID,0,,,
PENNSYLVANIA,IL,0,,,
PENNSYLVANIA,IN,0,,,
PENNSYLVANIA,KS,0,,,
PENNSYLVANIA,KY,0,,,
PENNSYLVANIA,LA,0,,,
PENNSYLVANIA,MA,0,,,
PENNSYLVANIA,MD,0,,,
PENNSYLVANIA,ME,0,,,
PENNSYLVANIA,MI,0,,,
PENNSYLVANIA,MN,0,,,
PENNSYLVANIA,MO,0,,,
PENNSYLVANIA,MS,0,,,
PENNSYLVANIA,MT,0,,,
PENNSYLVANIA,NC,0,,,
PENNSYLVANIA,ND,0,,,
PENNSYLVANIA,NDR,0,,,
PENNSYLVANIA,NE,0,,,
PENNSYLVANIA,NH,0,,,
PENNSYLVANIA,NJ,0,,,
PENNSYLVANIA,NM,0,,,
PENNSYLVANIA,NV,0,,,
PENNSYLVANIA,NY,0,,,
PENNSYLVANIA,OH,0,,,
PENNSYLVANIA,OK,0,,,
PENNSYLVANIA,OR,0,,,
PENNSYLVANIA,PA,37707,104459.25,92022.5,12.09
PENNSYLVANIA,REDACTED,0,,,
PENNSYLVANIA,RI,0,,,
PENNSYLVANIA,SC,0,,,
PENNSYLVANIA,SD,0,,,
PENNSYLVANIA,TN,0,,,
PENNSYLVANIA,TX,0,,,
PENNSYLVANIA,UT,0,,,
PENNSYLVANIA,VA,0,,,
PENNSYLVANIA,VT,0,,,
PENNSYLVANIA,WA,0,,,
PENNSYLVANIA,WI,0,,,
PENNSYLVANIA,WV,0,,,
PENNSYLVANIA,WY,0,,,
REDACTED,*,0,,,
REDACTED,AK,0,,,
REDACTED,AL,0,,,
REDACTED,AR,0,,,
REDACTED,AZ,0,,,
REDACTED,CA,0,,,
REDACTED,CO,0,,,
REDACTED,CT,0,,,
REDACTED,DC,0,,,
REDACTED,DE,0,,,
REDACTED,FL,0,,,
REDACTED,GA,0,,,
REDACTED,HI,0,,,
REDACTED,IA,0,,,
REDACTED,ID,0,,,
REDACTED,IL,0,,,
REDACTED,IN,0,,,
REDACTED,KS,0,,,
REDACTED,KY,0,,,
REDACTED,LA,0,,,
REDACTED,MA,0,,,
REDACTED,MD,0,,,
REDACTED,ME,0,,,
REDACTED,MI,0,,,
REDACTED,MN,0,,,
REDACTED,MO,0,,,
REDACTED,MS,0,,,
REDACTED,MT,0,,,
REDACTED,NC,0,,,
REDACTED,ND,0,,,
REDACTED,NDR,0,,,
REDACTED,NE,0,,,
REDACTED,NH,0,,,
REDACTED,NJ,0,,,
REDACTED,NM,0,,,
REDACTED,NV,0,,,
REDACTED,NY,0,,,
REDACTED,OH,0,,,
REDACTED,OK,0,,,
REDACTED,OR,0,,,
REDACTED,PA,0,,,
REDACTED,REDACTED,983297,,,11.97
REDACTED,RI,0,,,
REDACTED,SC,0,,,
REDACTED,SD,0,,,
REDACTED,TN,0,,,
REDACTED,TX,0,,,
REDACTED,UT,0,,,
REDACTED,VA,0,,,
REDACTED,VT,0,,,
REDACTED,WA,0,,,
REDACTED,WI,0,,,
REDACTED,WV,0,,,
REDACTED,WY,0,,,
RHODE ISLAND,*,0,,,
RHODE ISLAND,AK,0,,,
RHODE ISLAND,AL,0,,,
RHODE ISLAND,AR,0,,,
RHODE ISLAND,AZ,0,,,
RHODE ISLAND,CA,0,,,
RHODE ISLAND,CO,0,,,
RHODE ISLAND,CT,0,,,
RHODE ISLAND,DC,0,,,
RHODE ISLAND,DE,0,,,
RHODE ISLAND,FL,0,,,
RHODE ISLAND,GA,0,,,
RHODE ISLAND,HI,0,,,
RHODE ISLAND,IA,0,,,
RHODE ISLAND,ID,0,,,
RHODE ISLAND,IL,0,,,
RHODE ISLAND,IN,0,,,
RHODE ISLAND,KS,0,,,
RHODE ISLAND,KY,0,,,
RHODE ISLAND,LA,0,,,
RHODE ISLAND,MA,0,,,
RHODE ISLAND,MD,0,,,
RHODE ISLAND,ME,0,,,
RHODE ISLAND,MI,0,,,
RHODE ISLAND,MN,0,,,
RHODE ISLAND,MO,0,,,
RHODE ISLAND,MS,0,,,
RHODE ISLAND,MT,0,,,
RHODE ISLAND,NC,0,,,
RHODE ISLAND,ND,0,,,
RHODE ISLAND,NDR,0,,,
RHODE ISLAND,NE,0,,,
RHODE ISLAND,NH,0,,,
RHODE ISLAND,NJ,0,,,
RHODE ISLAND,NM,0,,,
RHODE ISLAND,NV,0,,,
RHODE ISLAND,NY,0,,,
RHODE ISLAND,OH,0,,,
RHODE ISLAND,OK,0,,,
RHODE ISLAND,OR,0,,,
RHODE ISLAND,PA,0,,,
RHODE ISLAND,REDACTED,0,,,
RHODE ISLAND,RI,3065,118286.92,110410.0,10.65
RHODE ISLAND,SC,0,,,
RHODE ISLAND,SD,0,,,
RHODE ISLAND,TN,0,,,
RHODE ISLAND,TX,0,,,
RHODE ISLAND,UT,0,,,
RHODE ISLAND,VA,0,,,
RHODE ISLAND,VT,0,,,
RHODE ISLAND,WA,0,,,
RHODE ISLAND,WI,0,,,
RHODE ISLAND,WV,0,,,
RHODE ISLAND,WY,0,,,
SOUTH CAROLINA,*,0,,,
SOUTH CAROLINA,AK,0,,,
SOUTH CAROLINA,AL,0,,,
SOUTH CAROLINA,AR,0,,,
SOUTH CAROLINA,AZ,0,,,
SOUTH CAROLINA,CA,0,,,
SOUTH CAROLINA,CO,0,,,
SOUTH CAROLINA,CT,0,,,
SOUTH CAROLINA,DC,0,,,
SOUTH CAROLINA,DE,0,,,
SOUTH CAROLINA,FL,0,,,
SOUTH CAROLINA,GA,0,,,
SOUTH CAROLINA,HI,0,,,
SOUTH CAROLINA,IA,0,,,
SOUTH CAROLINA,ID,0,,,
SOUTH CAROLINA,IL,0,,,
SOUTH CAROLINA,IN,0,,,
SOUTH CAROLINA,KS,0,,,
SOUTH CAROLINA,KY,0,,,
SOUTH CAROLINA,LA,0,,,
SOUTH CAROLINA,MA,0,,,
SOUTH CAROLINA,MD,0,,,
SOUTH CAROLINA,ME,0,,,
SOUTH CAROLINA,MI,0,,,
SOUTH CAROLINA,MN,0,,,
SOUTH CAROLINA,MO,0,,,
SOUTH CAROLINA,MS,0,,,
SOUTH CAROLINA,MT,0,,,
SOUTH CAROLINA,NC,0,,,
SOUTH CAROLINA,ND,0,,,
SOUTH CAROLINA,NDR,0,,,
SOUTH CAROLINA,NE,0,,,
SOUTH CAROLINA,NH,0,,,
SOUTH CAROLINA,NJ,0,,,
SOUTH CAROLINA,NM,0,,,
SOUTH CAROLINA,NV,0,,,
SOUTH CAROLINA,NY,0,,,
SOUTH CAROLINA,OH,0,,,
SOUTH CAROLINA,OK,0,,,
SOUTH CAROLINA,OR,0,,,
SOUTH CAROLINA,PA,0,,,
SOUTH CAROLINA,REDACTED,0,,,
SOUTH CAROLINA,RI,0,,,
SOUTH CAROLINA,SC,12899,103654.92,91576.0,11.24
SOUTH CAROLINA,SD,0,,,
SOUTH CAROLINA,TN,0,,,
SOUTH CAROLINA,TX,0,,,
SOUTH CAROLINA,UT,0,,,
SOUTH CAROLINA,VA,0,,,
SOUTH CAROLINA,VT,0,,,
SOUTH CAROLINA,WA,0,,,
SOUTH CAROLINA,WI,0,,,
SOUTH CAROLINA,WV,0,,,
SOUTH CAROLINA,WY,0,,,
SOUTH DAKOTA,*,0,,,
SOUTH DAKOTA,AK,0,,,
SOUTH DAKOTA,AL,0,,,
SOUTH DAKOTA,AR,0,,,
SOUTH DAKOTA,AZ,0,,,
SOUTH DAKOTA,CA,0,,,
SOUTH DAKOTA,CO,0,,,
SOUTH DAKOTA,CT,0,,,
SOUTH DAKOTA,DC,0,,,
SOUTH DAKOTA,DE,0,,,
SOUTH DAKOTA,FL,0,,,
SOUTH DAKOTA,GA,0,,,
SOUTH DAKOTA,HI,0,,,
SOUTH DAKOTA,IA,0,,,
SOUTH DAKOTA,ID,0,,,
SOUTH DAKOTA,IL,0,,,
SOUTH DAKOTA,IN,0,,,
SOUTH DAKOTA,KS,0,,,
SOUTH DAKOTA,KY,0,,,
SOUTH DAKOTA,LA,0,,,
SOUTH DAKOTA,MA,0,,,
SOUTH DAKOTA,MD,0,,,
SOUTH DAKOTA,ME,0,,,
SOUTH DAKOTA,MI,0,,,
SOUTH DAKOTA,MN,0,,,
SOUTH DAKOTA,MO,0,,,
SOUTH DAKOTA,MS,0,,,
SOUTH DAKOTA,MT,0,,,
SOUTH DAKOTA,NC,0,,,
SOUTH DAKOTA,ND,0,,,
SOUTH DAKOTA,NDR,0,,,
SOUTH DAKOTA,NE,0,,,
SOUTH DAKOTA,NH,0,,,
SOUTH DAKOTA,NJ,0,,,
SOUTH DAKOTA,NM,0,,,
SOUTH DAKOTA,NV,0,,,
SOUTH DAKOTA,NY,0,,,
SOUTH DAKOTA,OH,0,,,
SOUTH DAKOTA,OK,0,,,
SOUTH DAKOTA,OR,0,,,
SOUTH DAKOTA,PA,0,,,
SOUTH DAKOTA,REDACTED,0,,,
SOUTH DAKOTA,RI,0,,,
SOUTH DAKOTA,SC,0,,,
SOUTH DAKOTA,SD,6799,91934.34,81629.0,11.42
SOUTH DAKOTA,TN,0,,,
SOUTH DAKOTA,TX,0,,,
SOUTH DAKOTA,UT,0,,,
SOUTH DAKOTA,VA,0,,,
SOUTH DAKOTA,VT,0,,,
SOUTH DAKOTA,WA,0,,,
SOUTH DAKOTA,WI,0,,,
SOUTH DAKOTA,WV,0,,,
SOUTH DAKOTA,WY,0,,,
TENNESSEE,*,0,,,
TENNESSEE,AK,0,,,
TENNESSEE,AL,0,,,
TENNESSEE,AR,0,,,
TENNESSEE,AZ,0,,,
TENNESSEE,CA,0,,,
TENNESSEE,CO,0,,,
TENNESSEE,CT,0,,,
TENNESSEE,DC,0,,,
TENNESSEE,DE,0,,,
TENNESSEE,FL,0,,,
TENNESSEE,GA,0,,,
TENNESSEE,HI,0,,,
TENNESSEE,IA,0,,,
TENNESSEE,ID,0,,,
TENNESSEE,IL,0,,,
TENNESSEE,IN,0,,,
TENNESSEE,KS,0,,,
TENNESSEE,KY,0,,,
TENNESSEE,LA,0,,,
TENNESSEE,MA,0,,,
TENNESSEE,MD,0,,,
TENNESSEE,ME,0,,,
TENNESSEE,MI,0,,,
TENNESSEE,MN,0,,,
TENNESSEE,MO,0,,,
TENNESSEE,MS,0,,,
TENNESSEE,MT,0,,,
TENNESSEE,NC,0,,,
TENNESSEE,ND,0,,,
TENNESSEE,NDR,0,,,
TENNESSEE,NE,0,,,
TENNESSEE,NH,0,,,
TENNESSEE,NJ,0,,,
TENNESSEE,NM,0,,,
TENNESSEE,NV,0,,,
TENNESSEE,NY,0,,,
TENNESSEE,OH,0,,,
TENNESSEE,OK,0,,,
TENNESSEE,OR,0,,,
TENNESSEE,PA,0,,,
TENNESSEE,REDACTED,0,,,
TENNESSEE,RI,0,,,
TENNESSEE,SC,0,,,
TENNESSEE,SD,0,,,
TENNESSEE,TN,23116,98954.39,81331.0,10.89
TENNESSEE,TX,0,,,
TENNESSEE,UT,0,,,
TENNESSEE,VA,0,,,
TENNESSEE,VT,0,,,
TENNESSEE,WA,0,,,
TENNESSEE,WI,0,,,
TENNESSEE,WV,0,,,
TENNESSEE,WY,0,,,
TEXAS,*,0,,,
TEXAS,AK,0,,,
TEXAS,AL,0,,,
TEXAS,AR,0,,,
TEXAS,AZ,0,,,
TEXAS,CA,0,,,
TEXAS,CO,0,,,
TEXAS,CT,0,,,
TEXAS,DC,0,,,
TEXAS,DE,0,,,
TEXAS,FL,0,,,
TEXAS,GA,0,,,
TEXAS,HI,0,,,
TEXAS,IA,0,,,
TEXAS,ID,0,,,
TEXAS,IL,0,,,
TEXAS,IN,0,,,
TEXAS,KS,0,,,
TEXAS,KY,0,,,
TEXAS,LA,0,,,
TEXAS,MA,0,,,
TEXAS,MD,0,,,
TEXAS,ME,0,,,
TEXAS,MI,0,,,
TEXAS,MN,0,,,
TEXAS,MO,0,,,
TEXAS,MS,0,,,
TEXAS,MT,0,,,
TEXAS,NC,0,,,
TEXAS,ND,0,,,
TEXAS,NDR,0,,,
TEXAS,NE,0,,,
TEXAS,NH,0,,,
TEXAS,NJ,0,,,
TEXAS,NM,0,,,
TEXAS,NV,0,,,
TEXAS,NY,0,,,
TEXAS,OH,0,,,
TEXAS,OK,0,,,
TEXAS,OR,0,,,
TEXAS,PA,0,,,
TEXAS,REDACTED,0,,,
TEXAS,RI,0,,,
TEXAS,SC,0,,,
TEXAS,SD,0,,,
TEXAS,TN,0,,,
TEXAS,TX,75313,109982.48,100225.0,12.02
TEXAS,UT,0,,,
TEXAS,VA,0,,,
TEXAS,VT,0,,,
TEXAS,WA,0,,,
TEXAS,WI,0,,,
TEXAS,WV,0,,,
TEXAS,WY,0,,,
UTAH,*,0,,,
UTAH,AK,0,,,
UTAH,AL,0,,,
UTAH,AR,0,,,
UTAH,AZ,0,,,
UTAH,CA,0,,,
UTAH,CO,0,,,
UTAH,CT,0,,,
UTAH,DC,0,,,
UTAH,DE,0,,,
UTAH,FL,0,,,
UTAH,GA,0,,,
UTAH,HI,0,,,
UTAH,IA,0,,,
UTAH,ID,0,,,
UTAH,IL,0,,,
UTAH,IN,0,,,
UTAH,KS,0,,,
UTAH,KY,0,,,
UTAH,LA,0,,,
UTAH,MA,0,,,
UTAH,MD,0,,,
UTAH,ME,0,,,
UTAH,MI,0,,,
UTAH,MN,0,,,
UTAH,MO,0,,,
UTAH,MS,0,,,
UTAH,MT,0,,,
UTAH,NC,0,,,
UTAH,ND,0,,,
UTAH,NDR,0,,,
UTAH,NE,0,,,
UTAH,NH,0,,,
UTAH,NJ,0,,,
UTAH,NM,0,,,
UTAH,NV,0,,,
UTAH,NY,0,,,
UTAH,OH,0,,,
UTAH,OK,0,,,
UTAH,OR,0,,,
UTAH,PA,0,,,
UTAH,REDACTED,0,,,
UTAH,RI,0,,,
UTAH,SC,0,,,
UTAH,SD,0,,,
UTAH,TN,0,,,
UTAH,TX,0,,,
UTAH,UT,14978,89139.64,73939.0,11.39
UTAH,VA,0,,,
UTAH,VT,0,,,
UTAH,WA,0,,,
UTAH,WI,0,,,
UTAH,WV,0,,,
UTAH,WY,0,,,
VERMONT,*,0,,,
VERMONT,AK,0,,,
VERMONT,AL,0,,,
VERMONT,AR,0,,,
VERMONT,AZ,0,,,
VERMONT,CA,0,,,
VERMONT,CO,0,,,
VERMONT,CT,0,,,
VERMONT,DC,0,,,
VERMONT,DE,0,,,
VERMONT,FL,0,,,
VERMONT,GA,0,,,
VERMONT,HI,0,,,
VERMONT,IA,0,,,
VERMONT,ID,0,,,
VERMONT,IL,0,,,
VERMONT,IN,0,,,
VERMONT,KS,0,,,
VERMONT,KY,0,,,
VERMONT,LA,0,,,
VERMONT,MA,0,,,
VERMONT,MD,0,,,
VERMONT,ME,0,,,
VERMONT,MI,0,,,
VERMONT,MN,0,,,
VERMONT,MO,0,,,
VERMONT,MS,0,,,
VERMONT,MT,0,,,
VERMONT,NC,0,,,
VERMONT,ND,0,,,
VERMONT,NDR,0,,,
VERMONT,NE,0,,,
VERMONT,NH,0,,,
VERMONT,NJ,0,,,
VERMONT,NM,0,,,
VERMONT,NV,0,,,
VERMONT,NY,0,,,
VERMONT,OH,0,,,
VERMONT,OK,0,,,
VERMONT,OR,0,,,
VERMONT,PA,0,,,
VERMONT,REDACTED,0,,,
VERMONT,RI,0,,,
VERMONT,SC,0,,,
VERMONT,SD,0,,,
VERMONT,TN,0,,,
VERMONT,TX,0,,,
VERMONT,UT,0,,,
VERMONT,VA,0,,,
VERMONT,VT,2500,115993.18,109068.0,11.12
VERMONT,WA,0,,,
VERMONT,WI,0,,,
VERMONT,WV,0,,,
VERMONT,WY,0,,,
VIRGINIA,*,0,,,
VIRGINIA,AK,0,,,
VIRGINIA,AL,0,,,
VIRGINIA,AR,0,,,
VIRGINIA,AZ,0,,,
VIRGINIA,CA,0,,,
VIRGINIA,CO,0,,,
VIRGINIA,CT,0,,,
VIRGINIA,DC,0,,,
VIRGINIA,DE,0,,,
VIRGINIA,FL,0,,,
VIRGINIA,GA,0,,,
VIRGINIA,HI,0,,,
VIRGINIA,IA,0,,,
VIRGINIA,ID,0,,,
VIRGINIA,IL,0,,,
VIRGINIA,IN,0,,,
VIRGINIA,KS,0,,,
VIRGINIA,KY,0,,,
VIRGINIA,LA,0,,,
VIRGINIA,MA,0,,,
VIRGINIA,MD,0,,,
VIRGINIA,ME,0,,,
VIRGINIA,MI,0,,,
VIRGINIA,MN,0,,,
VIRGINIA,MO,0,,,
VIRGINIA,MS,0,,,
VIRGINIA,MT,0,,,
VIRGINIA,NC,0,,,
VIRGINIA,ND,0,,,
VIRGINIA,NDR,0,,,
VIRGINIA,NE,0,,,
VIRGINIA,NH,0,,,
VIRGINIA,NJ,0,,,
VIRGINIA,NM,0,,,
VIRGINIA,NV,0,,,
VIRGINIA,NY,0,,,
VIRGINIA,OH,0,,,
VIRGINIA,OK,0,,,
VIRGINIA,OR,0,,,
VIRGINIA,PA,0,,,
VIRGINIA,REDACTED,0,,,
VIRGINIA,RI,0,,,
VIRGINIA,SC,0,,,
VIRGINIA,SD,0,,,
VIRGINIA,TN,0,,,
VIRGINIA,TX,0,,,
VIRGINIA,UT,0,,,
VIRGINIA,VA,44120,132804.95,129600.5,13.25
VIRGINIA,VT,0,,,
VIRGINIA,WA,0,,,
VIRGINIA,WI,0,,,
VIRGINIA,WV,0,,,
VIRGINIA,WY,0,,,
WASHINGTON,*,0,,,
WASHINGTON,AK,0,,,
WASHINGTON,AL,0,,,
WASHINGTON,AR,0,,,
WASHINGTON,AZ,0,,,
WASHINGTON,CA,0,,,
WASHINGTON,CO,0,,,
WASHINGTON,CT,0,,,
WASHINGTON,DC,0,,,
WASHINGTON,DE,0,,,
WASHINGTON,FL,0,,,
WASHINGTON,GA,0,,,
WASHINGTON,HI,0,,,
WASHINGTON,IA,0,,,
WASHINGTON,ID,0,,,
WASHINGTON,IL,0,,,
WASHINGTON,IN,0,,,
WASHINGTON,KS,0,,,
WASHINGTON,KY,0,,,
WASHINGTON,LA,0,,,
WASHINGTON,MA,0,,,
WASHINGTON,MD,0,,,
WASHINGTON,ME,0,,,
WASHINGTON,MI,0,,,
WASHINGTON,MN,0,,,
WASHINGTON,MO,0,,,
WASHINGTON,MS,0,,,
WASHINGTON,MT,0,,,
WASHINGTON,NC,0,,,
WASHINGTON,ND,0,,,
WASHINGTON,NDR,0,,,
WASHINGTON,NE,0,,,
WASHINGTON,NH,0,,,
WASHINGTON,NJ,0,,,
WASHINGTON,NM,0,,,
WASHINGTON,NV,0,,,
WASHINGTON,NY,0,,,
WASHINGTON,OH,0,,,
WASHINGTON,OK,0,,,
WASHINGTON,OR,0,,,
WASHINGTON,PA,0,,,
WASHINGTON,REDACTED,0,,,
WASHINGTON,RI,0,,,
WASHINGTON,SC,0,,,
WASHINGTON,SD,0,,,
WASHINGTON,TN,0,,,
WASHINGTON,TX,0,,,
WASHINGTON,UT,0,,,
WASHINGTON,VA,0,,,
WASHINGTON,VT,0,,,
WASHINGTON,WA,23598,116825.02,111383.0,12.5
WASHINGTON,WI,0,,,
WASHINGTON,WV,0,,,
WASHINGTON,WY,0,,,
WEST VIRGINIA,*,0,,,
WEST VIRGINIA,AK,0,,,
WEST VIRGINIA,AL,0,,,
WEST VIRGINIA,AR,0,,,
WEST VIRGINIA,AZ,0,,,
WEST VIRGINIA,CA,0,,,
WEST VIRGINIA,CO,0,,,
WEST VIRGINIA,CT,0,,,
WEST VIRGINIA,DC,0,,,
WEST VIRGINIA,DE,0,,,
WEST VIRGINIA,FL,0,,,
WEST VIRGINIA,GA,0,,,
WEST VIRGINIA,HI,0,,,
WEST VIRGINIA,IA,0,,,
WEST VIRGINIA,ID,0,,,
WEST VIRGINIA,IL,0,,,
WEST VIRGINIA,IN,0,,,
WEST VIRGINIA,KS,0,,,
WEST VIRGINIA,KY,0,,,
WEST VIRGINIA,LA,0,,,
WEST VIRGINIA,MA,0,,,
WEST VIRGINIA,MD,0,,,
WEST VIRGINIA,ME,0,,,
WEST VIRGINIA,MI,0,,,
WEST VIRGINIA,MN,0,,,
WEST VIRGINIA,MO,0,,,
WEST VIRGINIA,MS,0,,,
WEST VIRGINIA,MT,0,,,
WEST VIRGINIA,NC,0,,,
WEST VIRGINIA,ND,0,,,
WEST VIRGINIA,NDR,0,,,
WEST VIRGINIA,NE,0,,,
WEST VIRGINIA,NH,0,,,
WEST VIRGINIA,NJ,0,,,
WEST VIRGINIA,NM,0,,,
WEST VIRGINIA,NV,0,,,
WEST VIRGINIA,NY,0,,,
WEST VIRGINIA,OH,0,,,
WEST VIRGINIA,OK,0,,,
WEST VIRGINIA,OR,0,,,
WEST VIRGINIA,PA,0,,,
WEST VIRGINIA,REDACTED,0,,,
WEST VIRGINIA,RI,0,,,
WEST VIRGINIA,SC,0,,,
WEST VIRGINIA,SD,0,,,
WEST VIRGINIA,TN,0,,,
WEST VIRGINIA,TX,0,,,
WEST VIRGINIA,UT,0,,,
WEST VIRGINIA,VA,0,,,
WEST VIRGINIA,VT,0,,,
WEST VIRGINIA,WA,0,,,
WEST VIRGINIA,WI,0,,,
WEST VIRGINIA,WV,13699,105983.09,97485.0,12.12
WEST VIRGINIA,WY,0,,,
WISCONSIN,*,0,,,
WISCONSIN,AK,0,,,
WISCONSIN,AL,0,,,
WISCONSIN,AR,0,,,
WISCONSIN,AZ,0,,,
WISCONSIN,CA,0,,,
WISCONSIN,CO,0,,,
WISCONSIN,CT,0,,,
WISCONSIN,DC,0,,,
WISCONSIN,DE,0,,,
WISCONSIN,FL,0,,,
WISCONSIN,GA,0,,,
WISCONSIN,HI,0,,,
WISCONSIN,IA,0,,,
WISCONSIN,ID,0,,,
WISCONSIN,IL,0,,,
WISCONSIN,IN,0,,,
WISCONSIN,KS,0,,,
WISCONSIN,KY,0,,,
WISCONSIN,LA,0,,,
WISCONSIN,MA,0,,,
WISCONSIN,MD,0,,,
WISCONSIN,ME,0,,,
WISCONSIN,MI,0,,,
WISCONSIN,MN,0,,,
WISCONSIN,MO,0,,,
WISCONSIN,MS,0,,,
WISCONSIN,MT,0,,,
WISCONSIN,NC,0,,,
WISCONSIN,ND,0,,,
WISCONSIN,NDR,0,,,
WISCONSIN,NE,0,,,
WISCONSIN,NH,0,,,
WISCONSIN,NJ,0,,,
WISCONSIN,NM,0,,,
WISCONSIN,NV,0,,,
WISCONSIN,NY,0,,,
WISCONSIN,OH,0,,,
WISCONSIN,OK,0,,,
WISCONSIN,OR,0,,,
WISCONSIN,PA,0,,,
WISCONSIN,REDACTED,0,,,
WISCONSIN,RI,0,,,
WISCONSIN,SC,0,,,
WISCONSIN,SD,0,,,
WISCONSIN,TN,0,,,
WISCONSIN,TX,0,,,
WISCONSIN,UT,0,,,
WISCONSIN,VA,0,,,
WISCONSIN,VT,0,,,
WISCONSIN,WA,0,,,
WISCONSIN,WI,13696,104954.49,94531.0,10.68
WISCONSIN,WV,0,,,
WISCONSIN,WY,0,,,
WYOMING,*,0,,,
WYOMING,AK,0,,,
WYOMING,AL,0,,,
WYOMING,AR,0,,,
WYOMING,AZ,0,,,
WYOMING,CA,0,,,
WYOMING,CO,0,,,
WYOMING,CT,0,,,
WYOMING,DC,0,,,
WYOMING,DE,0,,,
WYOMING,FL,0,,,
WYOMING,GA,0,,,
WYOMING,HI,0,,,
WYOMING,IA,0,,,
WYOMING,ID,0,,,
WYOMING,IL,0,,,
WYOMING,IN,0,,,
WYOMING,KS,0,,,
WYOMING,KY,0,,,
WYOMING,LA,0,,,
WYOMING,MA,0,,,
WYOMING,MD,0,,,
WYOMING,ME,0,,,
WYOMING,MI,0,,,
WYOMING,MN,0,,,
WYOMING,MO,0,,,
WYOMING,MS,0,,,
WYOMING,MT,0,,,
WYOMING,NC,0,,,
WYOMING,ND,0,,,
WYOMING,NDR,0,,,
WYOMING,NE,0,,,
WYOMING,NH,0,,,
WYOMING,NJ,0,,,
WYOMING,NM,0,,,
WYOMING,NV,0,,,
WYOMING,NY,0,,,
WYOMING,OH,0,,,
WYOMING,OK,0,,,
WYOMING,OR,0,,,
WYOMING,PA,0,,,
WYOMING,REDACTED,0,,,
WYOMING,RI,0,,,
WYOMING,SC,0,,,
WYOMING,SD,0,,,
WYOMING,TN,0,,,
WYOMING,TX,0,,,
WYOMING,UT,0,,,
WYOMING,VA,0,,,
WYOMING,VT,0,,,
WYOMING,WA,0,,,
WYOMING,WI,0,,,
WYOMING,WV,0,,,
WYOMING,WY,4812,93046.01,83795.0,10.73
